Posição,Nome,Dono,Estrelas,Releases,Criado em,URL
1,JavaGuide,Snailclimb,148837,0,2018-05-07T13:27:00Z,https://github.com/Snailclimb/JavaGuide
2,hello-algo,krahets,110885,9,2022-11-04T11:08:34Z,https://github.com/krahets/hello-algo
3,java-design-patterns,iluwatar,91035,0,2014-08-09T16:45:18Z,https://github.com/iluwatar/java-design-patterns
4,mall,macrozheng,79611,3,2018-04-04T01:11:44Z,https://github.com/macrozheng/mall
5,advanced-java,doocs,77282,1,2018-10-06T11:38:30Z,https://github.com/doocs/advanced-java
6,spring-boot,spring-projects,76525,303,2012-10-19T15:02:57Z,https://github.com/spring-projects/spring-boot
7,LeetCodeAnimation,MisterBooo,75778,0,2018-12-06T08:01:22Z,https://github.com/MisterBooo/LeetCodeAnimation
8,elasticsearch,elastic,72072,174,2010-02-08T13:20:56Z,https://github.com/elastic/elasticsearch
9,interviews,kdn251,64026,0,2017-02-14T18:19:25Z,https://github.com/kdn251/interviews
10,Java,TheAlgorithms,61144,0,2016-07-16T10:21:02Z,https://github.com/TheAlgorithms/Java
11,spring-framework,spring-projects,57611,328,2010-12-08T04:04:45Z,https://github.com/spring-projects/spring-framework
12,ghidra,NationalSecurityAgency,55591,42,2019-03-01T03:27:48Z,https://github.com/NationalSecurityAgency/ghidra
13,Stirling-PDF,Stirling-Tools,54678,119,2023-01-27T18:22:42Z,https://github.com/Stirling-Tools/Stirling-PDF
14,guava,google,50602,53,2014-05-29T16:23:17Z,https://github.com/google/guava
15,RxJava,ReactiveX,48053,235,2013-01-08T20:11:48Z,https://github.com/ReactiveX/RxJava
16,jadx,skylot,43259,30,2013-03-18T17:08:21Z,https://github.com/skylot/jadx
17,dbeaver,dbeaver,42369,219,2015-10-21T08:26:28Z,https://github.com/dbeaver/dbeaver
18,JeecgBoot,jeecgboot,41974,54,2018-11-26T10:40:00Z,https://github.com/jeecgboot/JeecgBoot
19,dubbo,apache,40839,109,2012-06-19T07:56:02Z,https://github.com/apache/dubbo
20,termux-app,termux,39957,91,2015-10-23T09:42:46Z,https://github.com/termux/termux-app
21,MPAndroidChart,PhilJay,37874,44,2014-04-25T14:29:47Z,https://github.com/PhilJay/MPAndroidChart
22,tutorials,eugenp,37101,0,2013-04-29T18:26:36Z,https://github.com/eugenp/tutorials
23,arthas,alibaba,36084,59,2018-08-29T17:15:57Z,https://github.com/alibaba/arthas
24,hello-algorithm,geekxh,35527,0,2020-05-29T05:47:09Z,https://github.com/geekxh/hello-algorithm
25,lottie-android,airbnb,35250,57,2016-10-06T22:42:42Z,https://github.com/airbnb/lottie-android
26,halo,halo-dev,35038,211,2018-03-21T12:56:52Z,https://github.com/halo-dev/halo
27,glide,bumptech,34820,47,2013-07-08T22:52:33Z,https://github.com/bumptech/glide
28,netty,netty,33902,0,2010-11-09T09:22:21Z,https://github.com/netty/netty
29,spring-boot-demo,xkcoding,33514,0,2017-11-10T06:27:29Z,https://github.com/xkcoding/spring-boot-demo
30,AndroidUtilCode,Blankj,33503,117,2016-07-30T18:18:32Z,https://github.com/Blankj/AndroidUtilCode
31,leetcode,doocs,33374,21,2018-09-16T14:03:03Z,https://github.com/doocs/leetcode
32,NewPipe,TeamNewPipe,33290,135,2015-09-03T23:39:26Z,https://github.com/TeamNewPipe/NewPipe
33,easyexcel,alibaba,33234,14,2018-02-06T03:14:08Z,https://github.com/alibaba/easyexcel
34,zxing,zxing,33169,31,2011-10-12T14:07:27Z,https://github.com/zxing/zxing
35,selenium,SeleniumHQ,31926,103,2013-01-14T21:40:56Z,https://github.com/SeleniumHQ/selenium
36,nacos,alibaba,31015,78,2018-06-15T06:49:27Z,https://github.com/alibaba/nacos
37,WxJava,binarywang,30769,30,2016-01-06T08:24:05Z,https://github.com/binarywang/WxJava
38,spring-boot-examples,ityouknow,30408,0,2016-11-05T05:32:33Z,https://github.com/ityouknow/spring-boot-examples
39,ruoyi-vue-pro,YunaiV,29863,34,2021-01-24T03:18:25Z,https://github.com/YunaiV/ruoyi-vue-pro
40,kafka,apache,29724,0,2011-08-15T18:06:16Z,https://github.com/apache/kafka
41,hutool,chinabugotech,29645,149,2014-04-13T07:23:51Z,https://github.com/chinabugotech/hutool
42,apollo,apolloconfig,29384,41,2016-03-04T10:24:23Z,https://github.com/apolloconfig/apollo
43,canal,alibaba,28914,32,2013-01-13T10:59:52Z,https://github.com/alibaba/canal
44,SpringAll,wuyouzhuguli,28679,0,2018-05-02T02:48:44Z,https://github.com/wuyouzhuguli/SpringAll
45,xxl-job,xuxueli,28479,36,2015-11-28T12:59:34Z,https://github.com/xuxueli/xxl-job
46,spring-cloud-alibaba,alibaba,28318,47,2017-12-01T20:49:15Z,https://github.com/alibaba/spring-cloud-alibaba
47,druid,alibaba,28091,51,2011-11-03T05:12:51Z,https://github.com/alibaba/druid
48,vhr,lenve,27668,0,2018-01-04T08:57:51Z,https://github.com/lenve/vhr
49,JCSprout,crossoverJie,27110,0,2017-12-17T09:06:50Z,https://github.com/crossoverJie/JCSprout
50,miaosha,qiurunze123,26283,0,2018-09-14T04:36:24Z,https://github.com/qiurunze123/miaosha
51,keycloak,keycloak,26105,76,2013-07-02T13:38:51Z,https://github.com/keycloak/keycloak
52,Telegram,DrKLO,25926,95,2013-10-25T14:08:10Z,https://github.com/DrKLO/Telegram
53,fastjson,alibaba,25774,84,2011-11-03T06:58:52Z,https://github.com/alibaba/fastjson
54,incubator-seata,apache,25553,42,2018-12-28T08:37:22Z,https://github.com/apache/incubator-seata
55,butterknife,JakeWharton,25528,0,2013-03-05T08:18:59Z,https://github.com/JakeWharton/butterknife
56,toBeTopJavaer,hollischuang,25420,0,2018-10-25T09:54:54Z,https://github.com/hollischuang/toBeTopJavaer
57,SmartRefreshLayout,scwang90,25059,14,2017-06-02T09:52:50Z,https://github.com/scwang90/SmartRefreshLayout
58,proxyee-down,proxyee-down-org,24901,49,2017-10-25T10:07:27Z,https://github.com/proxyee-down-org/proxyee-down
59,EventBus,greenrobot,24740,7,2012-07-16T16:55:40Z,https://github.com/greenrobot/EventBus
60,flink,apache,24652,0,2014-06-07T07:00:10Z,https://github.com/apache/flink
61,Hystrix,Netflix,24277,79,2012-11-19T20:14:46Z,https://github.com/Netflix/Hystrix
62,skywalking,apache,24164,61,2015-11-07T03:30:36Z,https://github.com/apache/skywalking
63,libgdx,libgdx,23840,13,2012-08-10T19:34:38Z,https://github.com/libgdx/libgdx
64,bazel,bazelbuild,23809,190,2014-06-12T16:00:38Z,https://github.com/bazelbuild/bazel
65,jenkins,jenkinsci,23772,406,2010-11-22T21:21:23Z,https://github.com/jenkinsci/jenkins
66,redisson,redisson,23686,167,2014-01-11T14:06:25Z,https://github.com/redisson/redisson
67,gson,google,23628,9,2015-03-19T18:21:20Z,https://github.com/google/gson
68,Mindustry,Anuken,23495,160,2017-04-30T01:24:29Z,https://github.com/Anuken/Mindustry
69,openapi-generator,OpenAPITools,23174,70,2018-05-12T09:57:56Z,https://github.com/OpenAPITools/openapi-generator
70,Sentinel,alibaba,22633,25,2018-04-04T06:37:33Z,https://github.com/alibaba/Sentinel
71,source-code-hunter,doocs,22565,0,2019-10-28T01:35:10Z,https://github.com/doocs/source-code-hunter
72,FizzBuzzEnterpriseEdition,EnterpriseQualityCoding,22240,0,2012-11-24T00:14:41Z,https://github.com/EnterpriseQualityCoding/FizzBuzzEnterpriseEdition
73,SmartTube,yuliskov,21900,716,2020-07-28T12:53:52Z,https://github.com/yuliskov/SmartTube
74,ExoPlayer,google,21805,28,2014-06-13T21:19:18Z,https://github.com/google/ExoPlayer
75,awesome-system-design-resources,ashishps1,21724,0,2023-10-25T01:50:42Z,https://github.com/ashishps1/awesome-system-design-resources
76,rocketmq,apache,21636,21,2016-11-30T08:00:08Z,https://github.com/apache/rocketmq
77,Apktool,iBotPeaches,21569,25,2012-03-19T17:46:53Z,https://github.com/iBotPeaches/Apktool
78,eladmin,elunez,21557,1,2018-12-14T08:54:24Z,https://github.com/elunez/eladmin
79,Chat2DB,CodePhiliaX,21499,43,2023-06-20T14:05:26Z,https://github.com/CodePhiliaX/Chat2DB
80,graal,oracle,20731,32,2016-01-14T17:11:35Z,https://github.com/oracle/graal
81,jdk,openjdk,20659,0,2018-09-17T12:29:20Z,https://github.com/openjdk/jdk
82,GSYVideoPlayer,CarGuo,20607,48,2016-11-13T12:34:31Z,https://github.com/CarGuo/GSYVideoPlayer
83,conductor,conductor-oss,20389,19,2023-12-08T06:06:09Z,https://github.com/conductor-oss/conductor
84,HikariCP,brettwooldridge,20327,0,2013-10-08T05:43:03Z,https://github.com/brettwooldridge/HikariCP
85,DoKit,didi,20290,10,2018-08-14T10:32:07Z,https://github.com/didi/DoKit
86,shardingsphere,apache,20127,58,2016-01-18T12:49:26Z,https://github.com/apache/shardingsphere
87,mybatis-3,mybatis,20011,46,2013-02-14T19:03:32Z,https://github.com/mybatis/mybatis-3
88,RxAndroid,ReactiveX,19863,20,2014-08-19T03:46:38Z,https://github.com/ReactiveX/RxAndroid
89,dataease,dataease,19678,91,2021-02-02T04:10:21Z,https://github.com/dataease/dataease
90,litemall,linlinjava,19556,8,2018-03-22T16:42:30Z,https://github.com/linlinjava/litemall
91,LSPosed,LSPosed,19520,39,2020-12-12T08:39:37Z,https://github.com/LSPosed/LSPosed
92,SpringBoot-Labs,yudaocode,19476,0,2018-09-12T14:51:46Z,https://github.com/yudaocode/SpringBoot-Labs
93,PhotoView,Baseflow,18833,5,2012-07-17T16:39:00Z,https://github.com/Baseflow/PhotoView
94,cat,dianping,18816,3,2012-12-05T02:31:48Z,https://github.com/dianping/cat
95,DSA-Bootcamp-Java,kunal-kushwaha,18614,0,2021-07-30T12:23:25Z,https://github.com/kunal-kushwaha/DSA-Bootcamp-Java
96,thingsboard,thingsboard,18486,65,2016-12-01T09:33:30Z,https://github.com/thingsboard/thingsboard
97,SpringCloudLearning,forezp,17924,0,2017-04-08T10:06:56Z,https://github.com/forezp/SpringCloudLearning
98,Algorithms,williamfiset,17769,0,2017-03-18T02:50:46Z,https://github.com/williamfiset/Algorithms
99,intellij-community,JetBrains,17763,0,2011-09-30T13:33:05Z,https://github.com/JetBrains/intellij-community
100,antlr4,antlr,17723,31,2010-02-04T01:36:28Z,https://github.com/antlr/antlr4
101,disruptor,LMAX-Exchange,17683,14,2012-09-21T13:42:24Z,https://github.com/LMAX-Exchange/disruptor
102,APIJSON,Tencent,17579,107,2016-11-21T12:03:29Z,https://github.com/Tencent/APIJSON
103,tinker,Tencent,17259,59,2016-09-06T06:57:52Z,https://github.com/Tencent/tinker
104,Sa-Token,dromara,17230,35,2020-02-03T10:34:29Z,https://github.com/dromara/Sa-Token
105,zipkin,openzipkin,17150,96,2012-06-06T18:26:16Z,https://github.com/openzipkin/zipkin
106,fresco,facebook,17099,55,2015-03-02T09:58:04Z,https://github.com/facebook/fresco
107,yudao-cloud,YunaiV,16926,20,2019-05-02T16:06:49Z,https://github.com/YunaiV/yudao-cloud
108,analysis-ik,infinilabs,16881,1,2011-12-16T09:01:45Z,https://github.com/infinilabs/analysis-ik
109,JustAuth,justauth,16814,46,2019-01-31T09:42:20Z,https://github.com/justauth/JustAuth
110,Android-Universal-Image-Loader,nostra13,16776,0,2011-11-27T18:48:23Z,https://github.com/nostra13/Android-Universal-Image-Loader
111,java8-tutorial,winterbe,16773,0,2014-03-16T17:25:43Z,https://github.com/winterbe/java8-tutorial
112,mybatis-plus,baomidou,16732,35,2016-08-18T10:06:53Z,https://github.com/baomidou/mybatis-plus
113,zheng,shuzheng,16712,0,2016-10-04T10:07:06Z,https://github.com/shuzheng/zheng
114,material-components-android,material-components,16624,102,2016-12-05T16:11:29Z,https://github.com/material-components/material-components-android
115,kestra,kestra-io,16549,204,2019-08-24T13:56:15Z,https://github.com/kestra-io/kestra
116,Grasscutter,Grasscutters,16472,20,2022-04-17T12:43:46Z,https://github.com/Grasscutters/Grasscutter
117,springboot-learning-example,JeffLi1993,16448,0,2017-02-06T07:02:25Z,https://github.com/JeffLi1993/springboot-learning-example
118,caffeine,ben-manes,16411,69,2014-12-13T08:45:11Z,https://github.com/ben-manes/caffeine
119,DataX,alibaba,16309,7,2018-01-18T10:09:47Z,https://github.com/alibaba/DataX
120,BigData-Notes,heibaiying,16285,0,2019-03-10T01:40:01Z,https://github.com/heibaiying/BigData-Notes
121,presto,prestodb,16278,0,2012-08-09T01:03:37Z,https://github.com/prestodb/presto
122,Ehviewer_CN_SXJ,xiaojieonly,16270,99,2020-11-09T06:14:31Z,https://github.com/xiaojieonly/Ehviewer_CN_SXJ
123,SpringBoot-Learning,dyc87112,15771,0,2016-08-21T03:39:06Z,https://github.com/dyc87112/SpringBoot-Learning
124,VirtualXposed,android-hacker,15630,50,2017-12-01T09:00:58Z,https://github.com/android-hacker/VirtualXposed
125,tech-interview-for-developer,gyoogle,15539,0,2019-06-09T04:42:57Z,https://github.com/gyoogle/tech-interview-for-developer
126,Android-CleanArchitecture,android10,15534,0,2014-08-19T14:09:26Z,https://github.com/android10/Android-CleanArchitecture
127,mockito,mockito,15091,219,2012-10-13T20:27:12Z,https://github.com/mockito/mockito
128,questdb,questdb,15002,85,2014-04-28T23:29:15Z,https://github.com/questdb/questdb
129,hadoop,apache,14999,0,2014-08-28T07:00:08Z,https://github.com/apache/hadoop
130,bytecode-viewer,Konloch,14911,60,2014-10-14T10:26:46Z,https://github.com/Konloch/bytecode-viewer
131,flink-learning,zhisheng17,14700,0,2019-01-01T07:38:28Z,https://github.com/zhisheng17/flink-learning
132,CircleImageView,hdodenhof,14546,0,2014-01-17T16:44:46Z,https://github.com/hdodenhof/CircleImageView
133,pulsar,apache,14507,102,2016-06-28T07:00:03Z,https://github.com/apache/pulsar
134,QMUI_Android,Tencent,14475,35,2017-04-21T10:03:18Z,https://github.com/Tencent/QMUI_Android
135,ARouter,alibaba,14473,16,2016-12-14T01:27:49Z,https://github.com/alibaba/ARouter
136,vert.x,eclipse-vertx,14440,0,2011-06-17T14:54:55Z,https://github.com/eclipse-vertx/vert.x
137,logstash,elastic,14392,174,2010-11-18T01:31:50Z,https://github.com/elastic/logstash
138,jd-gui,java-decompiler,14385,18,2015-03-25T05:28:41Z,https://github.com/java-decompiler/jd-gui
139,Arduino,arduino,14287,37,2010-09-17T19:10:36Z,https://github.com/arduino/Arduino
140,quarkus,quarkusio,14242,370,2018-07-06T00:44:20Z,https://github.com/quarkusio/quarkus
141,neo4j,neo4j,13996,72,2012-11-12T08:46:15Z,https://github.com/neo4j/neo4j
142,supertokens-core,supertokens,13973,83,2020-01-05T13:30:52Z,https://github.com/supertokens/supertokens-core
143,deeplearning4j,deeplearning4j,13881,0,2013-11-27T02:03:28Z,https://github.com/deeplearning4j/deeplearning4j
144,logger,orhanobut,13849,16,2015-03-20T22:30:12Z,https://github.com/orhanobut/logger
145,jib,GoogleContainerTools,13840,167,2018-01-22T18:30:43Z,https://github.com/GoogleContainerTools/jib
146,onedev,theonedev,13787,391,2018-11-06T02:57:01Z,https://github.com/theonedev/onedev
147,zuul,Netflix,13657,15,2013-03-13T18:53:57Z,https://github.com/Netflix/zuul
148,druid,apache,13646,66,2012-10-23T19:08:07Z,https://github.com/apache/druid
149,Luban,Curzibn,13631,6,2016-07-24T07:43:21Z,https://github.com/Curzibn/Luban
150,spring-analysis,seaswalker,13608,0,2016-09-09T07:46:32Z,https://github.com/seaswalker/spring-analysis
151,AndroidAutoSize,JessYanCoding,13593,14,2018-08-17T09:04:19Z,https://github.com/JessYanCoding/AndroidAutoSize
152,pinpoint,pinpoint-apm,13550,60,2014-10-20T09:27:22Z,https://github.com/pinpoint-apm/pinpoint
153,tink,tink-crypto,13525,21,2014-06-06T16:21:09Z,https://github.com/tink-crypto/tink
154,Material-Animations,lgvalle,13514,0,2015-03-08T20:54:00Z,https://github.com/lgvalle/Material-Animations
155,Android-PickerView,Bigkoo,13471,0,2014-12-28T01:46:38Z,https://github.com/Bigkoo/Android-PickerView
156,piggymetrics,sqshq,13425,2,2015-03-29T17:56:31Z,https://github.com/sqshq/piggymetrics
157,PictureSelector,LuckSiege,13409,116,2017-01-04T07:47:39Z,https://github.com/LuckSiege/PictureSelector
158,doris,apache,13366,64,2017-08-10T12:13:30Z,https://github.com/apache/doris
159,zaproxy,zaproxy,13364,10,2015-06-03T16:55:01Z,https://github.com/zaproxy/zaproxy
160,dolphinscheduler,apache,13341,52,2019-03-01T16:39:25Z,https://github.com/apache/dolphinscheduler
161,Java,DuGuQiuBai,13221,0,2015-11-25T07:30:08Z,https://github.com/DuGuQiuBai/Java
162,mit-deep-learning-book-pdf,janishar,13215,3,2017-04-07T10:46:50Z,https://github.com/janishar/mit-deep-learning-book-pdf
163,mall-learning,macrozheng,13098,0,2019-04-12T13:20:31Z,https://github.com/macrozheng/mall-learning
164,lombok,projectlombok,13075,0,2009-06-08T19:46:41Z,https://github.com/projectlombok/lombok
165,banner,youth5201314,12976,0,2016-04-22T05:50:25Z,https://github.com/youth5201314/banner
166,languagetool,languagetool-org,12920,0,2013-08-08T16:37:22Z,https://github.com/languagetool-org/languagetool
167,conductor,Netflix,12793,319,2016-12-07T22:48:42Z,https://github.com/Netflix/conductor
168,stetho,facebook,12694,13,2015-01-22T22:34:10Z,https://github.com/facebook/stetho
169,greenDAO,greenrobot,12623,8,2011-10-22T16:15:14Z,https://github.com/greenrobot/greenDAO
170,dex2jar,pxb1988,12599,8,2015-03-16T09:13:07Z,https://github.com/pxb1988/dex2jar
171,guice,google,12584,19,2014-05-28T23:18:53Z,https://github.com/google/guice
172,cryptomator,cryptomator,12572,184,2014-02-02T00:43:47Z,https://github.com/cryptomator/cryptomator
173,Matisse,zhihu,12548,15,2017-04-13T01:31:05Z,https://github.com/zhihu/Matisse
174,eureka,Netflix,12511,150,2012-07-26T22:23:07Z,https://github.com/Netflix/eureka
175,spring-boot-admin,codecentric,12510,131,2014-07-25T11:39:13Z,https://github.com/codecentric/spring-boot-admin
176,AndroidViewAnimations,daimajia,12451,9,2014-06-23T03:53:13Z,https://github.com/daimajia/AndroidViewAnimations
177,zookeeper,apache,12419,0,2009-03-27T15:41:56Z,https://github.com/apache/zookeeper
178,AndroidSwipeLayout,daimajia,12400,18,2014-08-25T04:09:33Z,https://github.com/daimajia/AndroidSwipeLayout
179,COLA,alibaba,12298,11,2018-02-06T13:46:27Z,https://github.com/alibaba/COLA
180,Mybatis-PageHelper,pagehelper,12282,14,2014-06-09T15:32:30Z,https://github.com/pagehelper/Mybatis-PageHelper
181,mall-swarm,macrozheng,12211,3,2019-11-25T06:55:31Z,https://github.com/macrozheng/mall-swarm
182,kkFileView,kekingcn,12028,16,2017-12-12T11:41:08Z,https://github.com/kekingcn/kkFileView
183,jedis,redis,11997,109,2010-06-11T13:04:43Z,https://github.com/redis/jedis
184,uCrop,Yalantis,11960,18,2016-01-05T13:41:06Z,https://github.com/Yalantis/uCrop
185,metersphere,metersphere,11910,175,2020-02-03T02:06:12Z,https://github.com/metersphere/metersphere
186,VasSonic,Tencent,11851,10,2017-08-01T08:35:13Z,https://github.com/Tencent/VasSonic
187,matrix,Tencent,11768,16,2018-12-11T07:08:02Z,https://github.com/Tencent/matrix
188,android-interview-questions,amitshekhariitbhu,11726,0,2017-07-09T18:47:24Z,https://github.com/amitshekhariitbhu/android-interview-questions
189,grpc-java,grpc,11649,176,2014-12-08T19:00:00Z,https://github.com/grpc/grpc-java
190,fullstack-tutorial,frank-lam,11631,0,2018-04-13T01:50:10Z,https://github.com/frank-lam/fullstack-tutorial
191,webmagic,code4craft,11525,33,2013-04-23T12:57:36Z,https://github.com/code4craft/webmagic
192,realm-java,realm,11484,0,2012-04-20T09:18:42Z,https://github.com/realm/realm-java
193,CtCI-6th-Edition,careercup,11402,0,2015-07-02T06:28:46Z,https://github.com/careercup/CtCI-6th-Edition
194,ImmersionBar,gyf-dev,11376,0,2017-04-19T05:10:09Z,https://github.com/gyf-dev/ImmersionBar
195,xManager,Team-xManager,11302,50,2021-02-08T11:31:10Z,https://github.com/Team-xManager/xManager
196,newbee-mall,newbee-ltd,11267,0,2019-09-21T03:56:04Z,https://github.com/newbee-ltd/newbee-mall
197,PermissionsDispatcher,permissions-dispatcher,11228,40,2015-08-15T21:41:05Z,https://github.com/permissions-dispatcher/PermissionsDispatcher
198,OpenRefine,OpenRefine,11211,68,2012-10-15T02:22:48Z,https://github.com/OpenRefine/OpenRefine
199,debezium,debezium,11210,0,2016-01-22T20:17:05Z,https://github.com/debezium/debezium
200,plantuml,plantuml,11162,53,2010-11-04T15:55:50Z,https://github.com/plantuml/plantuml
201,interview,mission-peace,11139,0,2014-07-20T21:27:31Z,https://github.com/mission-peace/interview
202,FlycoTabLayout,H07000223,11091,4,2015-11-09T01:53:19Z,https://github.com/H07000223/FlycoTabLayout
203,jsoup,jhy,11087,17,2009-12-19T01:29:58Z,https://github.com/jhy/jsoup
204,FileDownloader,lingochamp,11079,65,2015-12-22T11:17:16Z,https://github.com/lingochamp/FileDownloader
205,SlidingMenu,jfeinstein10,11061,0,2012-06-30T05:14:23Z,https://github.com/jfeinstein10/SlidingMenu
206,androidannotations,androidannotations,11043,0,2012-01-06T08:48:03Z,https://github.com/androidannotations/androidannotations
207,cas,apereo,11043,290,2011-09-09T01:36:42Z,https://github.com/apereo/cas
208,SmarterStreaming,daniulive,11027,0,2016-03-26T14:46:02Z,https://github.com/daniulive/SmarterStreaming
209,trino,trinodb,11019,0,2019-01-19T06:38:14Z,https://github.com/trinodb/trino
210,javapoet,square,10857,0,2013-02-01T16:56:30Z,https://github.com/square/javapoet
211,vlayout,alibaba,10790,34,2017-02-27T08:11:47Z,https://github.com/alibaba/vlayout
212,platform_frameworks_base,aosp-mirror,10708,0,2008-10-21T18:20:37Z,https://github.com/aosp-mirror/platform_frameworks_base
213,jvm,doocs,10670,0,2018-06-23T01:12:59Z,https://github.com/doocs/jvm
214,Paper,PaperMC,10655,0,2016-01-22T05:40:19Z,https://github.com/PaperMC/Paper
215,android-async-http,android-async-http,10632,3,2011-02-20T03:25:07Z,https://github.com/android-async-http/android-async-http
216,Java-WebSocket,TooTallNate,10625,19,2010-01-20T23:33:04Z,https://github.com/TooTallNate/Java-WebSocket
217,okhttp-OkGo,jeasonlzy,10611,14,2016-01-15T10:35:24Z,https://github.com/jeasonlzy/okhttp-OkGo
218,clojure,clojure,10576,0,2010-06-29T20:03:33Z,https://github.com/clojure/clojure
219,jjwt,jwtk,10548,7,2014-09-13T01:06:24Z,https://github.com/jwtk/jjwt
220,pkl,apple,10541,13,2024-01-19T17:28:45Z,https://github.com/apple/pkl
221,auto,google,10488,66,2013-05-22T21:41:56Z,https://github.com/google/auto
222,kafka-ui,provectus,10488,25,2019-11-26T15:55:55Z,https://github.com/provectus/kafka-ui
223,JiaoZiVideoPlayer,lipangit,10487,78,2016-02-06T11:04:24Z,https://github.com/lipangit/JiaoZiVideoPlayer
224,RxPermissions,tbruyelle,10483,11,2015-09-29T13:55:09Z,https://github.com/tbruyelle/RxPermissions
225,VirtualApp,asLody,10456,0,2016-07-06T13:25:23Z,https://github.com/asLody/VirtualApp
226,datahub,datahub-project,10443,96,2015-11-18T05:47:40Z,https://github.com/datahub-project/datahub
227,OpenSearch,opensearch-project,10386,53,2021-01-29T22:10:00Z,https://github.com/opensearch-project/OpenSearch
228,MVPArms,JessYanCoding,10283,25,2016-08-06T08:49:56Z,https://github.com/JessYanCoding/MVPArms
229,Activiti,Activiti,10270,1000,2012-09-13T11:34:43Z,https://github.com/Activiti/Activiti
230,ViewPagerIndicator,JakeWharton,10120,0,2011-08-04T17:13:44Z,https://github.com/JakeWharton/ViewPagerIndicator
231,resilience4j,resilience4j,10049,35,2015-06-03T09:21:01Z,https://github.com/resilience4j/resilience4j
232,lawnchair,LawnchairLauncher,9999,29,2017-03-03T13:12:58Z,https://github.com/LawnchairLauncher/lawnchair
233,Aegis,beemdevelopment,9978,69,2016-08-15T19:10:31Z,https://github.com/beemdevelopment/Aegis
234,xpipe,xpipe-io,9948,98,2023-01-27T02:25:38Z,https://github.com/xpipe-io/xpipe
235,zfile,zfile-dev,9935,61,2019-08-19T13:57:56Z,https://github.com/zfile-dev/zfile
236,glide-transformations,wasabeef,9921,0,2015-01-09T10:33:29Z,https://github.com/wasabeef/glide-transformations
237,aws-doc-sdk-examples,awsdocs,9891,0,2016-08-18T19:06:57Z,https://github.com/awsdocs/aws-doc-sdk-examples
238,easypermissions,googlesamples,9889,12,2015-12-22T18:05:53Z,https://github.com/googlesamples/easypermissions
239,paascloud-master,paascloud,9877,0,2018-03-17T05:40:43Z,https://github.com/paascloud/paascloud-master
240,spider-flow,ssssssss-team,9866,2,2020-03-27T11:07:15Z,https://github.com/ssssssss-team/spider-flow
241,CoreNLP,stanfordnlp,9825,17,2013-06-27T21:13:49Z,https://github.com/stanfordnlp/CoreNLP
242,JsBridge,uknownothingsnow,9823,0,2015-02-26T12:10:58Z,https://github.com/uknownothingsnow/JsBridge
243,MagicIndicator,hackware1993,9766,12,2016-06-26T08:20:43Z,https://github.com/hackware1993/MagicIndicator
244,AVLoadingIndicatorView,HarlonWang,9754,1,2015-10-24T20:18:33Z,https://github.com/HarlonWang/AVLoadingIndicatorView
245,Fragmentation,YoKeyword,9726,30,2016-02-23T08:54:55Z,https://github.com/YoKeyword/Fragmentation
246,starrocks,StarRocks,9711,134,2021-09-04T02:29:35Z,https://github.com/StarRocks/starrocks
247,spark,perwendel,9654,0,2011-05-05T11:52:05Z,https://github.com/perwendel/spark
248,Android-ObservableScrollView,ksoichiro,9653,0,2014-11-08T14:45:20Z,https://github.com/ksoichiro/Android-ObservableScrollView
249,react-native-camera,react-native-camera,9649,144,2015-04-01T00:54:40Z,https://github.com/react-native-camera/react-native-camera
250,spring-boot-api-project-seed,lihengming,9628,4,2017-06-23T10:06:30Z,https://github.com/lihengming/spring-boot-api-project-seed
251,feign,OpenFeign,9618,38,2013-06-26T23:28:16Z,https://github.com/OpenFeign/feign
252,GmsCore,microg,9586,38,2014-04-23T19:28:47Z,https://github.com/microg/GmsCore
253,android-Ultra-Pull-To-Refresh,liaohuqiu,9580,8,2014-11-13T03:13:10Z,https://github.com/liaohuqiu/android-Ultra-Pull-To-Refresh
254,android-gif-drawable,koral--,9578,61,2013-01-30T01:37:46Z,https://github.com/koral--/android-gif-drawable
255,DanmakuFlameMaster,bilibili,9568,5,2013-08-11T12:18:50Z,https://github.com/bilibili/DanmakuFlameMaster
256,Mycat-Server,MyCATApache,9546,7,2014-12-04T02:46:54Z,https://github.com/MyCATApache/Mycat-Server
257,AndroidSlidingUpPanel,umano,9509,8,2013-05-31T18:33:53Z,https://github.com/umano/AndroidSlidingUpPanel
258,Signal-Server,signalapp,9437,0,2013-12-09T07:10:36Z,https://github.com/signalapp/Signal-Server
259,sonarqube,SonarSource,9421,59,2011-01-05T11:05:17Z,https://github.com/SonarSource/sonarqube
260,PocketHub,pockethub,9388,1,2011-09-08T16:52:50Z,https://github.com/pockethub/PocketHub
261,cim,crossoverJie,9385,8,2018-05-20T15:55:56Z,https://github.com/crossoverJie/cim
262,AgentWeb,Justson,9303,21,2017-05-12T07:45:56Z,https://github.com/Justson/AgentWeb
263,spring-reading,xuchengsheng,9296,0,2023-09-15T06:42:44Z,https://github.com/xuchengsheng/spring-reading
264,testing-samples,android,9245,0,2014-10-11T03:51:27Z,https://github.com/android/testing-samples
265,AndroidNote,GcsSloop,9232,0,2016-01-04T23:51:36Z,https://github.com/GcsSloop/AndroidNote
266,CalendarView,huanghaibin-dev,9224,1,2017-03-11T07:16:09Z,https://github.com/huanghaibin-dev/CalendarView
267,cassandra,apache,9102,0,2009-05-21T02:10:09Z,https://github.com/apache/cassandra
268,android-gpuimage,cats-oss,9072,0,2012-10-04T08:11:58Z,https://github.com/cats-oss/android-gpuimage
269,JsonPath,json-path,9070,10,2011-01-24T13:19:19Z,https://github.com/json-path/JsonPath
270,spring-security,spring-projects,9036,213,2012-01-10T21:50:57Z,https://github.com/spring-projects/spring-security
271,VirtualAPK,didi,9017,4,2017-06-29T07:25:05Z,https://github.com/didi/VirtualAPK
272,awesome-leetcode-resources,ashishps1,8995,0,2023-10-25T01:48:19Z,https://github.com/ashishps1/awesome-leetcode-resources
273,MaterialDesignLibrary,navasmdc,8982,3,2014-09-30T07:37:17Z,https://github.com/navasmdc/MaterialDesignLibrary
274,EhViewer,seven332,8964,97,2014-05-14T12:03:52Z,https://github.com/seven332/EhViewer
275,Jetpack-MVVM-Best-Practice,KunMinX,8912,0,2019-10-31T05:21:01Z,https://github.com/KunMinX/Jetpack-MVVM-Best-Practice
276,storm,nathanmarz,8821,0,2011-09-17T07:55:13Z,https://github.com/nathanmarz/storm
277,StatusBarUtil,laobie,8806,0,2016-02-15T03:06:06Z,https://github.com/laobie/StatusBarUtil
278,Android_Data,Freelander,8770,0,2015-04-04T01:37:44Z,https://github.com/Freelander/Android_Data
279,awesome-java-leetcode,Blankj,8708,0,2017-04-17T15:51:41Z,https://github.com/Blankj/awesome-java-leetcode
280,Android-PullToRefresh,chrisbanes,8701,0,2011-11-29T09:59:56Z,https://github.com/chrisbanes/Android-PullToRefresh
281,jmeter,apache,8653,10,2010-05-26T23:38:07Z,https://github.com/apache/jmeter
282,jna,java-native-access,8653,0,2011-04-29T13:30:29Z,https://github.com/java-native-access/jna
283,Android-SpinKit,ybq,8650,0,2016-03-20T08:40:51Z,https://github.com/ybq/Android-SpinKit
284,flyway,flyway,8623,245,2012-12-14T18:43:22Z,https://github.com/flyway/flyway
285,AndResGuard,shwenzhang,8584,4,2015-10-11T11:48:06Z,https://github.com/shwenzhang/AndResGuard
286,Calligraphy,chrisjenx,8584,4,2013-12-20T02:35:45Z,https://github.com/chrisjenx/Calligraphy
287,buck,facebook,8557,57,2013-04-17T18:12:18Z,https://github.com/facebook/buck
288,shenyu,apache,8554,11,2018-07-11T08:17:45Z,https://github.com/apache/shenyu
289,epoxy,airbnb,8538,76,2016-08-08T23:05:11Z,https://github.com/airbnb/epoxy
290,junit4,junit-team,8531,13,2009-01-13T03:41:26Z,https://github.com/junit-team/junit4
291,react-native-image-picker,react-native-image-picker,8528,141,2015-06-08T20:25:31Z,https://github.com/react-native-image-picker/react-native-image-picker
292,dropwizard,dropwizard,8525,176,2011-01-19T19:52:29Z,https://github.com/dropwizard/dropwizard
293,checkstyle,checkstyle,8521,159,2013-08-31T02:05:05Z,https://github.com/checkstyle/checkstyle
294,karate,karatelabs,8495,54,2017-02-07T15:59:17Z,https://github.com/karatelabs/karate
295,Android-Debug-Database,amitshekhariitbhu,8465,14,2016-11-16T14:20:24Z,https://github.com/amitshekhariitbhu/Android-Debug-Database
296,BottomBar,roughike,8407,4,2016-03-16T01:31:05Z,https://github.com/roughike/BottomBar
297,hsweb-framework,hs-web,8367,28,2016-01-18T03:51:39Z,https://github.com/hs-web/hsweb-framework
298,seatunnel,apache,8363,49,2017-08-05T09:14:47Z,https://github.com/apache/seatunnel
299,tsunami-security-scanner,google,8360,25,2020-06-03T16:20:00Z,https://github.com/google/tsunami-security-scanner
300,flowable-engine,flowable,8304,27,2016-10-13T07:21:43Z,https://github.com/flowable/flowable-engine
301,AndroidPdfViewer,DImuthuUpe,8266,0,2016-06-02T20:21:21Z,https://github.com/DImuthuUpe/AndroidPdfViewer
302,shardingsphere-elasticjob,apache,8173,30,2015-09-11T11:28:52Z,https://github.com/apache/shardingsphere-elasticjob
303,testcontainers-java,testcontainers,8162,81,2015-04-12T12:44:59Z,https://github.com/testcontainers/testcontainers-java
304,atlas,alibaba,8140,7,2017-02-28T06:31:43Z,https://github.com/alibaba/atlas
305,MaterialViewPager,florent37,8120,11,2015-04-24T17:53:15Z,https://github.com/florent37/MaterialViewPager
306,LitePal,guolindev,8107,0,2013-02-20T03:20:07Z,https://github.com/guolindev/LitePal
307,im-server,wildfirechat,8107,103,2019-01-23T15:21:28Z,https://github.com/wildfirechat/im-server
308,otter,alibaba,8093,10,2013-08-09T09:31:22Z,https://github.com/alibaba/otter
309,beam,apache,8046,48,2016-02-02T08:00:06Z,https://github.com/apache/beam
310,ysoserial,frohoff,8044,1,2015-01-28T07:13:55Z,https://github.com/frohoff/ysoserial
311,SimianArmy,Netflix,7983,4,2012-07-06T22:00:05Z,https://github.com/Netflix/SimianArmy
312,subsampling-scale-image-view,davemorrissey,7940,21,2013-08-26T16:45:25Z,https://github.com/davemorrissey/subsampling-scale-image-view
313,pentaho-kettle,pentaho,7925,1,2013-10-08T18:27:11Z,https://github.com/pentaho/pentaho-kettle
314,hugo,JakeWharton,7923,0,2013-11-25T09:16:40Z,https://github.com/JakeWharton/hugo
315,transmittable-thread-local,alibaba,7884,58,2013-10-13T08:48:33Z,https://github.com/alibaba/transmittable-thread-local
316,UltimateAndroidReference,aritraroy,7870,0,2017-04-10T07:28:27Z,https://github.com/aritraroy/UltimateAndroidReference
317,XPopup,junixapp,7861,221,2018-12-07T06:16:48Z,https://github.com/junixapp/XPopup
318,HomeMirror,HannahMitt,7852,0,2015-08-23T03:20:08Z,https://github.com/HannahMitt/HomeMirror
319,metrics,dropwizard,7843,125,2010-02-26T19:44:42Z,https://github.com/dropwizard/metrics
320,LSPatch,LSPosed,7812,9,2021-03-01T19:38:36Z,https://github.com/LSPosed/LSPatch
321,material-theme-jetbrains,ChrisRM,7804,17,2015-09-23T07:15:04Z,https://github.com/ChrisRM/material-theme-jetbrains
322,tomcat,apache,7757,0,2011-10-01T07:00:19Z,https://github.com/apache/tomcat
323,javacv,bytedeco,7723,12,2014-04-21T13:50:26Z,https://github.com/bytedeco/javacv
324,RxLifecycle,trello-archive,7704,22,2015-07-20T13:32:23Z,https://github.com/trello-archive/RxLifecycle
325,react-native-svg,software-mansion,7671,121,2016-01-17T14:29:21Z,https://github.com/software-mansion/react-native-svg
326,vjtools,vipshop,7649,9,2018-05-29T09:07:08Z,https://github.com/vipshop/vjtools
327,MVVMHabit,goldze,7645,3,2017-07-21T10:38:40Z,https://github.com/goldze/MVVMHabit
328,aeron,aeron-io,7637,116,2014-02-07T17:16:58Z,https://github.com/aeron-io/aeron
329,graylog2-server,Graylog2,7603,0,2010-05-17T21:27:02Z,https://github.com/Graylog2/graylog2-server
330,baritone,cabaletta,7597,78,2018-08-01T15:34:21Z,https://github.com/cabaletta/baritone
331,MyBookshelf,gedoor,7594,165,2018-06-12T03:48:07Z,https://github.com/gedoor/MyBookshelf
332,android-classyshark,google,7562,17,2015-10-12T13:40:48Z,https://github.com/google/android-classyshark
333,Shadow,Tencent,7553,5,2019-06-13T10:50:27Z,https://github.com/Tencent/Shadow
334,RxJava-Android-Samples,kaushikgopal,7538,0,2014-07-23T05:13:52Z,https://github.com/kaushikgopal/RxJava-Android-Samples
335,AndroidAsync,koush,7537,0,2012-08-24T07:27:04Z,https://github.com/koush/AndroidAsync
336,PojavLauncher,PojavLauncherTeam,7527,126,2020-03-11T03:22:54Z,https://github.com/PojavLauncherTeam/PojavLauncher
337,closure-compiler,google,7487,0,2014-04-16T15:30:36Z,https://github.com/google/closure-compiler
338,algs4,kevin-wayne,7470,0,2015-08-31T09:28:49Z,https://github.com/kevin-wayne/algs4
339,SDE-Interview-Questions,twowaits,7449,1,2017-10-25T11:08:52Z,https://github.com/twowaits/SDE-Interview-Questions
340,hellocharts-android,lecho,7443,14,2014-10-12T09:12:37Z,https://github.com/lecho/hellocharts-android
341,LeetCode,yuanguangxin,7420,0,2020-01-11T01:02:02Z,https://github.com/yuanguangxin/LeetCode
342,swagger-core,swagger-api,7417,112,2011-07-05T23:44:11Z,https://github.com/swagger-api/swagger-core
343,PowerJob,PowerJob,7390,50,2020-03-16T09:19:55Z,https://github.com/PowerJob/PowerJob
344,HMCL,HMCL-dev,7380,235,2015-06-22T08:06:03Z,https://github.com/HMCL-dev/HMCL
345,SpringCloud-Learning,dyc87112,7376,0,2016-08-21T03:39:52Z,https://github.com/dyc87112/SpringCloud-Learning
346,VBlog,lenve,7369,0,2017-12-26T11:01:55Z,https://github.com/lenve/VBlog
347,Mapper,abel533,7367,8,2014-11-21T11:02:10Z,https://github.com/abel533/Mapper
348,ShortcutBadger,leolin310148,7352,0,2013-11-15T12:51:52Z,https://github.com/leolin310148/ShortcutBadger
349,RePlugin,Qihoo360,7308,19,2017-06-08T09:39:09Z,https://github.com/Qihoo360/RePlugin
350,dagger,square,7304,0,2012-08-02T23:25:32Z,https://github.com/square/dagger
351,mapstruct,mapstruct,7280,35,2012-05-28T12:42:42Z,https://github.com/mapstruct/mapstruct
352,Android-Bootstrap,Bearded-Hen,7277,5,2013-11-01T15:36:17Z,https://github.com/Bearded-Hen/Android-Bootstrap
353,sweet-alert-dialog,pedant,7257,2,2014-10-19T09:24:09Z,https://github.com/pedant/sweet-alert-dialog
354,TakePhoto,crazycodeboy,7243,15,2015-08-04T02:05:32Z,https://github.com/crazycodeboy/TakePhoto
355,UltimateRecyclerView,cymcsg,7211,9,2015-01-28T02:27:45Z,https://github.com/cymcsg/UltimateRecyclerView
356,WeChatLuckyMoney,geeeeeeeeek,7209,20,2015-09-30T16:11:20Z,https://github.com/geeeeeeeeek/WeChatLuckyMoney
357,xmall,Exrick,7203,0,2017-07-28T01:49:49Z,https://github.com/Exrick/xmall
358,gocd,gocd,7202,84,2013-12-13T05:26:16Z,https://github.com/gocd/gocd
359,agera,google,7179,16,2015-12-17T13:22:58Z,https://github.com/google/agera
360,MinecraftForge,MinecraftForge,7094,0,2012-01-30T01:35:01Z,https://github.com/MinecraftForge/MinecraftForge
361,SmartTabLayout,ogaclejapan,7092,0,2015-02-14T11:25:51Z,https://github.com/ogaclejapan/SmartTabLayout
362,LeetCode-Book,krahets,7091,0,2021-12-17T14:16:02Z,https://github.com/krahets/LeetCode-Book
363,ActionBarSherlock,JakeWharton,7085,32,2011-03-07T17:28:54Z,https://github.com/JakeWharton/ActionBarSherlock
364,iceberg,apache,7064,27,2018-11-19T16:26:46Z,https://github.com/apache/iceberg
365,KnowStreaming,didi,7056,23,2020-03-19T05:13:51Z,https://github.com/didi/KnowStreaming
366,nanohttpd,NanoHttpd,7048,3,2012-08-10T21:52:42Z,https://github.com/NanoHttpd/nanohttpd
367,Timber,naman14,7034,5,2015-06-12T16:43:55Z,https://github.com/naman14/Timber
368,elasticsearch-sql,NLPchina,7008,261,2014-08-24T14:26:31Z,https://github.com/NLPchina/elasticsearch-sql
369,alluxio,Alluxio,6961,61,2012-12-21T17:43:46Z,https://github.com/Alluxio/alluxio
370,error-prone,google,6947,53,2014-08-21T23:26:50Z,https://github.com/google/error-prone
371,rest-assured,rest-assured,6938,0,2010-10-21T08:35:43Z,https://github.com/rest-assured/rest-assured
372,DroidPlugin,DroidPluginTeam,6919,2,2015-08-27T11:14:57Z,https://github.com/DroidPluginTeam/DroidPlugin
373,netty-socketio,mrniko,6914,19,2012-01-12T11:43:49Z,https://github.com/mrniko/netty-socketio
374,jimureport,jeecgboot,6878,25,2019-12-05T12:25:59Z,https://github.com/jeecgboot/jimureport
375,okhttputils,hongyangAndroid,6870,0,2015-08-17T14:53:29Z,https://github.com/hongyangAndroid/okhttputils
376,JavaTutorial,h2pl,6861,1,2018-05-01T15:57:21Z,https://github.com/h2pl/JavaTutorial
377,jvm-sandbox,alibaba,6860,13,2017-08-03T02:55:31Z,https://github.com/alibaba/jvm-sandbox
378,1brc,gunnarmorling,6834,0,2023-12-28T09:13:24Z,https://github.com/gunnarmorling/1brc
379,walle,Meituan-Dianping,6814,1,2017-01-10T03:39:25Z,https://github.com/Meituan-Dianping/walle
380,DependencyCheck,dependency-check,6812,82,2012-09-03T20:43:30Z,https://github.com/dependency-check/DependencyCheck
381,AntennaPod,AntennaPod,6800,60,2012-07-31T10:25:08Z,https://github.com/AntennaPod/AntennaPod
382,react-native-push-notification,zo0r,6777,35,2015-12-14T19:53:36Z,https://github.com/zo0r/react-native-push-notification
383,angel,Angel-ML,6752,19,2017-04-25T05:57:43Z,https://github.com/Angel-ML/angel
384,rabbitmq-tutorials,rabbitmq,6731,0,2010-09-21T11:41:26Z,https://github.com/rabbitmq/rabbitmq-tutorials
385,mybatis-generator-gui,zouzg,6699,16,2016-05-08T22:39:39Z,https://github.com/zouzg/mybatis-generator-gui
386,AndroidPerformanceMonitor,markzhai,6698,0,2016-01-17T05:23:22Z,https://github.com/markzhai/AndroidPerformanceMonitor
387,AndroidAutoLayout,hongyangAndroid,6675,0,2015-11-19T02:09:11Z,https://github.com/hongyangAndroid/AndroidAutoLayout
388,haven,guardianproject,6672,37,2017-03-01T03:20:03Z,https://github.com/guardianproject/haven
389,gnirehtet,Genymobile,6671,12,2017-02-09T16:01:13Z,https://github.com/Genymobile/gnirehtet
390,springcloud-learning,macrozheng,6649,0,2019-09-07T02:36:16Z,https://github.com/macrozheng/springcloud-learning
391,BookReader,smuyyh,6647,0,2016-08-03T05:17:27Z,https://github.com/smuyyh/BookReader
392,wiremock,wiremock,6644,49,2011-10-09T20:27:24Z,https://github.com/wiremock/wiremock
393,AndPermission,yanzhenjie,6633,0,2016-09-11T05:17:34Z,https://github.com/yanzhenjie/AndPermission
394,springBoot,527515025,6631,0,2016-11-07T02:13:31Z,https://github.com/527515025/springBoot
395,storm,apache,6613,3,2013-11-05T08:00:14Z,https://github.com/apache/storm
396,AndroidPicker,gzu-liyujiang,6599,57,2015-10-21T14:21:16Z,https://github.com/gzu-liyujiang/AndroidPicker
397,Toasty,GrenderG,6589,19,2017-01-18T18:52:41Z,https://github.com/GrenderG/Toasty
398,AndroidProject,getActivity,6589,17,2018-10-23T10:30:55Z,https://github.com/getActivity/AndroidProject
399,GoGoGo,ZCShou,6580,7,2021-12-03T06:59:39Z,https://github.com/ZCShou/GoGoGo
400,langchain4j,langchain4j,6575,43,2023-06-20T15:30:29Z,https://github.com/langchain4j/langchain4j
401,itstack-demo-design,fuzhengwei,6570,0,2020-05-20T13:45:30Z,https://github.com/fuzhengwei/itstack-demo-design
402,junit5,junit-team,6556,83,2015-01-11T19:06:10Z,https://github.com/junit-team/junit5
403,Leaf,Meituan-Dianping,6550,0,2018-12-11T07:41:35Z,https://github.com/Meituan-Dianping/Leaf
404,ansj_seg,NLPchina,6519,3,2012-09-05T05:56:24Z,https://github.com/NLPchina/ansj_seg
405,processing,processing,6502,48,2013-01-24T21:17:22Z,https://github.com/processing/processing
406,zeppelin,apache,6472,0,2015-03-25T07:00:06Z,https://github.com/apache/zeppelin
407,Android-skin-support,ximsfei,6463,0,2017-01-12T15:03:54Z,https://github.com/ximsfei/Android-skin-support
408,quartz,quartz-scheduler,6443,5,2016-03-07T14:05:37Z,https://github.com/quartz-scheduler/quartz
409,byte-buddy,raphw,6442,300,2013-11-25T19:38:03Z,https://github.com/raphw/byte-buddy
410,RoundedImageView,vinc3m1,6432,19,2013-02-22T01:17:37Z,https://github.com/vinc3m1/RoundedImageView
411,Android-Image-Cropper,ArthurHub,6423,32,2015-01-15T10:49:37Z,https://github.com/ArthurHub/Android-Image-Cropper
412,smali,JesusFreke,6418,0,2012-09-23T19:51:16Z,https://github.com/JesusFreke/smali
413,java-eight-part,CoderLeixiaoshuai,6401,0,2020-10-16T16:27:04Z,https://github.com/CoderLeixiaoshuai/java-eight-part
414,Spring-Cloud-Platform,wxiaoqi,6400,3,2017-05-25T10:35:26Z,https://github.com/wxiaoqi/Spring-Cloud-Platform
415,android-floating-action-button,zendesk,6378,0,2014-09-19T06:49:21Z,https://github.com/zendesk/android-floating-action-button
416,jOOQ,jOOQ,6338,90,2011-04-17T10:43:33Z,https://github.com/jOOQ/jOOQ
417,async-http-client,AsyncHttpClient,6325,5,2011-03-07T13:41:46Z,https://github.com/AsyncHttpClient/async-http-client
418,Recaf,Col-E,6317,169,2017-07-27T06:01:10Z,https://github.com/Col-E/Recaf
419,JFoenix,sshahine,6314,0,2015-09-08T14:04:24Z,https://github.com/sshahine/JFoenix
420,remusic,aa112901,6295,0,2016-03-24T06:20:39Z,https://github.com/aa112901/remusic
421,richeditor-android,wasabeef,6290,0,2015-03-30T16:19:20Z,https://github.com/wasabeef/richeditor-android
422,ion,koush,6282,0,2013-05-22T07:41:23Z,https://github.com/koush/ion
423,jsonschema2pojo,joelittlejohn,6277,63,2013-06-22T22:28:53Z,https://github.com/joelittlejohn/jsonschema2pojo
424,hazelcast,hazelcast,6271,200,2012-03-21T12:25:18Z,https://github.com/hazelcast/hazelcast
425,from-java-to-kotlin,amitshekhariitbhu,6257,0,2017-05-21T11:56:27Z,https://github.com/amitshekhariitbhu/from-java-to-kotlin
426,config,lightbend,6221,1,2011-12-06T08:02:29Z,https://github.com/lightbend/config
427,spring-cloud-examples,ityouknow,6216,0,2017-04-28T08:48:53Z,https://github.com/ityouknow/spring-cloud-examples
428,pig,pig-mesh,6197,19,2019-08-26T03:24:53Z,https://github.com/pig-mesh/pig
429,micronaut-core,micronaut-projects,6192,279,2018-03-07T12:05:08Z,https://github.com/micronaut-projects/micronaut-core
430,CompreFace,exadel-inc,6183,11,2020-07-06T08:29:43Z,https://github.com/exadel-inc/CompreFace
431,graphql-java,graphql-java,6164,82,2015-07-06T06:52:20Z,https://github.com/graphql-java/graphql-java
432,smile,haifengl,6146,32,2014-11-20T16:28:12Z,https://github.com/haifengl/smile
433,SwipeBackLayout,ikew0ng,6120,0,2013-08-25T03:36:12Z,https://github.com/ikew0ng/SwipeBackLayout
434,grafika,google,6116,1,2013-12-19T18:36:53Z,https://github.com/google/grafika
435,hibernate-orm,hibernate,6115,67,2010-10-04T16:15:52Z,https://github.com/hibernate/hibernate-orm
436,MaterialEditText,rengwuxian,6103,19,2014-10-30T10:07:23Z,https://github.com/rengwuxian/MaterialEditText
437,NumberProgressBar,daimajia,6093,3,2014-05-01T08:54:25Z,https://github.com/daimajia/NumberProgressBar
438,hertzbeat,apache,6084,22,2022-02-04T14:48:56Z,https://github.com/apache/hertzbeat
439,vespa,vespa-engine,6068,206,2016-06-03T20:54:20Z,https://github.com/vespa-engine/vespa
440,gephi,gephi,6058,19,2011-10-22T03:14:46Z,https://github.com/gephi/gephi
441,EffectiveAndroidUI,pedrovgs,6024,0,2014-07-04T08:42:20Z,https://github.com/pedrovgs/EffectiveAndroidUI
442,XXPermissions,getActivity,6020,63,2018-06-15T14:31:29Z,https://github.com/getActivity/XXPermissions
443,dynamic-load-apk,singwhatiwanna,6019,0,2014-03-30T11:51:00Z,https://github.com/singwhatiwanna/dynamic-load-apk
444,j2objc,google,6007,0,2014-01-30T20:19:56Z,https://github.com/google/j2objc
445,flink-cdc,apache,6006,21,2020-07-27T19:23:33Z,https://github.com/apache/flink-cdc
446,material,rey5137,5997,10,2014-12-09T12:07:32Z,https://github.com/rey5137/material
447,java-jwt,auth0,5995,45,2014-03-07T15:06:11Z,https://github.com/auth0/java-jwt
448,physical-web,google,5988,17,2014-09-30T18:32:14Z,https://github.com/google/physical-web
449,xUtils3,wyouflf,5980,9,2015-10-28T10:56:04Z,https://github.com/wyouflf/xUtils3
450,incubator-kie-drools,apache,5977,5,2011-02-18T08:37:05Z,https://github.com/apache/incubator-kie-drools
451,useful-java-links,Vedenin,5965,0,2016-02-13T13:14:52Z,https://github.com/Vedenin/useful-java-links
452,ssm,liyifeng1994,5951,0,2016-06-18T17:58:56Z,https://github.com/liyifeng1994/ssm
453,robolectric,robolectric,5942,105,2010-08-28T00:28:25Z,https://github.com/robolectric/robolectric
454,springfox,springfox,5937,12,2012-05-06T06:38:57Z,https://github.com/springfox/springfox
455,androidmvp,antoniolg,5926,0,2014-04-02T05:42:20Z,https://github.com/antoniolg/androidmvp
456,material-calendarview,prolificinteractive,5921,22,2015-02-09T22:31:56Z,https://github.com/prolificinteractive/material-calendarview
457,mini-spring,DerekYRC,5906,0,2020-11-17T11:59:18Z,https://github.com/DerekYRC/mini-spring
458,SoloPi,alipay,5906,8,2019-03-14T15:32:49Z,https://github.com/alipay/SoloPi
459,SpringBootVulExploit,LandGrey,5890,0,2020-05-20T09:18:44Z,https://github.com/LandGrey/SpringBootVulExploit
460,motan,weibocom,5885,26,2016-04-20T10:56:17Z,https://github.com/weibocom/motan
461,btrace,btraceio,5872,33,2014-08-28T18:58:24Z,https://github.com/btraceio/btrace
462,vavr,vavr-io,5869,18,2014-01-30T14:07:25Z,https://github.com/vavr-io/vavr
463,blade,lets-blade,5861,9,2015-06-10T03:35:49Z,https://github.com/lets-blade/blade
464,jetlinks-community,jetlinks,5828,19,2020-01-02T07:27:34Z,https://github.com/jetlinks/jetlinks-community
465,zxing-android-embedded,journeyapps,5827,9,2012-11-28T16:36:39Z,https://github.com/journeyapps/zxing-android-embedded
466,BoomMenu,Nightonke,5803,0,2016-03-19T12:04:12Z,https://github.com/Nightonke/BoomMenu
467,DiscreteScrollView,yarolegovich,5789,2,2017-03-03T23:38:54Z,https://github.com/yarolegovich/DiscreteScrollView
468,tcc-transaction,changmingxie,5786,8,2015-12-05T04:27:53Z,https://github.com/changmingxie/tcc-transaction
469,DiskLruCache,JakeWharton,5786,0,2012-01-05T00:36:34Z,https://github.com/JakeWharton/DiskLruCache
470,camel,apache,5771,0,2009-05-21T00:25:36Z,https://github.com/apache/camel
471,circular-progress-button,dmytrodanylyk,5769,3,2014-06-07T12:58:48Z,https://github.com/dmytrodanylyk/circular-progress-button
472,Fast-Android-Networking,amitshekhariitbhu,5766,10,2016-03-21T18:35:44Z,https://github.com/amitshekhariitbhu/Fast-Android-Networking
473,kafdrop,obsidiandynamics,5764,49,2019-05-27T08:46:56Z,https://github.com/obsidiandynamics/kafdrop
474,google-java-format,google,5737,32,2015-05-11T20:38:28Z,https://github.com/google/google-java-format
475,InfiniteCycleViewPager,Devlight,5736,2,2016-08-22T08:04:39Z,https://github.com/Devlight/InfiniteCycleViewPager
476,lanproxy,ffay,5726,1,2016-11-20T08:12:10Z,https://github.com/ffay/lanproxy
477,datax-web,WeiYe-Jing,5726,5,2019-11-19T01:09:05Z,https://github.com/WeiYe-Jing/datax-web
478,wvp-GB28181-pro,648540858,5721,0,2020-11-14T14:16:37Z,https://github.com/648540858/wvp-GB28181-pro
479,traccar,traccar,5721,55,2012-04-16T08:33:49Z,https://github.com/traccar/traccar
480,javaparser,javaparser,5718,53,2011-10-30T14:03:44Z,https://github.com/javaparser/javaparser
481,FastHub,k0shk0sh,5715,63,2017-02-18T17:53:16Z,https://github.com/k0shk0sh/FastHub
482,iotdb,apache,5713,39,2018-11-24T21:29:17Z,https://github.com/apache/iotdb
483,aurora-imui,jpush,5712,42,2016-12-13T05:24:01Z,https://github.com/jpush/aurora-imui
484,hippo4j,opengoofy,5708,18,2021-06-16T02:59:48Z,https://github.com/opengoofy/hippo4j
485,Discovery,Nepxion,5700,130,2018-06-21T16:16:49Z,https://github.com/Nepxion/Discovery
486,springside4,springside,5699,3,2012-02-23T08:39:03Z,https://github.com/springside/springside4
487,hudi,apache,5699,30,2016-12-14T15:53:41Z,https://github.com/apache/hudi
488,QR-Code-generator,nayuki,5693,5,2016-04-15T02:19:41Z,https://github.com/nayuki/QR-Code-generator
489,pinot,apache,5683,20,2014-05-19T23:27:48Z,https://github.com/apache/pinot
490,SwipeRecyclerView,yanzhenjie,5682,0,2016-08-03T15:43:34Z,https://github.com/yanzhenjie/SwipeRecyclerView
491,graphhopper,graphhopper,5678,45,2012-02-18T19:57:38Z,https://github.com/graphhopper/graphhopper
492,u2020,JakeWharton,5671,0,2013-11-14T11:58:23Z,https://github.com/JakeWharton/u2020
493,hive,apache,5663,0,2009-05-21T02:31:01Z,https://github.com/apache/hive
494,TV,FongMi,5661,0,2022-06-22T09:10:23Z,https://github.com/FongMi/TV
495,austin,ZhongFuCheng3y,5653,0,2021-11-06T09:36:01Z,https://github.com/ZhongFuCheng3y/austin
496,api-samples,youtube,5648,0,2013-12-09T18:41:41Z,https://github.com/youtube/api-samples
497,IJPay,Javen205,5646,24,2017-05-02T03:15:32Z,https://github.com/Javen205/IJPay
498,react-native-splash-screen,crazycodeboy,5640,12,2016-09-14T10:43:55Z,https://github.com/crazycodeboy/react-native-splash-screen
499,HTextView,hanks-zyh,5640,0,2015-12-19T16:34:59Z,https://github.com/hanks-zyh/HTextView
500,Blurry,wasabeef,5631,0,2015-07-23T14:12:08Z,https://github.com/wasabeef/Blurry
501,AndroidImageSlider,daimajia,5624,5,2014-06-02T06:04:17Z,https://github.com/daimajia/AndroidImageSlider
502,JSqlParser,JSQLParser,5609,35,2011-06-23T22:51:52Z,https://github.com/JSQLParser/JSqlParser
503,FlowLayout,hongyangAndroid,5595,0,2015-08-28T09:32:31Z,https://github.com/hongyangAndroid/FlowLayout
504,ShowcaseView,amlcurran,5590,13,2012-08-14T19:07:36Z,https://github.com/amlcurran/ShowcaseView
505,lamp-cloud,dromara,5584,0,2018-01-17T02:51:04Z,https://github.com/dromara/lamp-cloud
506,AppManager,MuntashirAkon,5571,72,2020-05-30T04:08:56Z,https://github.com/MuntashirAkon/AppManager
507,Android-ZBLibrary,TommyLemon,5561,25,2015-08-20T16:03:53Z,https://github.com/TommyLemon/Android-ZBLibrary
508,MusicBot,jagrosh,5558,38,2016-08-14T18:46:29Z,https://github.com/jagrosh/MusicBot
509,disconf,knightliao,5553,12,2014-05-30T09:39:27Z,https://github.com/knightliao/disconf
510,ListViewAnimations,nhaarman,5551,14,2013-03-19T11:59:23Z,https://github.com/nhaarman/ListViewAnimations
511,lettuce,redis,5533,127,2014-05-10T13:08:46Z,https://github.com/redis/lettuce
512,logisim-evolution,logisim-evolution,5529,30,2014-09-19T05:23:24Z,https://github.com/logisim-evolution/logisim-evolution
513,EdXposed,ElderDrivers,5526,27,2019-01-18T16:18:19Z,https://github.com/ElderDrivers/EdXposed
514,spring-boot-projects,ZHENFENG13,5525,0,2017-04-01T01:50:14Z,https://github.com/ZHENFENG13/spring-boot-projects
515,uid-generator,baidu,5509,0,2017-03-27T04:03:43Z,https://github.com/baidu/uid-generator
516,AmazeFileManager,TeamAmaze,5503,66,2014-07-14T19:47:53Z,https://github.com/TeamAmaze/AmazeFileManager
517,StickyListHeaders,emilsjolander,5501,16,2012-03-11T18:29:18Z,https://github.com/emilsjolander/StickyListHeaders
518,mosby,sockeqwe,5480,15,2015-03-25T00:59:19Z,https://github.com/sockeqwe/mosby
519,MagicCamera,wuhaoyu1990,5473,0,2016-01-08T11:36:56Z,https://github.com/wuhaoyu1990/MagicCamera
520,freeline,alibaba,5472,22,2016-08-03T17:22:52Z,https://github.com/alibaba/freeline
521,AndroidVideoCache,danikula,5459,20,2015-04-01T11:25:52Z,https://github.com/danikula/AndroidVideoCache
522,barcodescanner,dm77,5454,6,2014-02-24T21:14:09Z,https://github.com/dm77/barcodescanner
523,scribejava,scribejava,5452,9,2010-09-05T19:11:40Z,https://github.com/scribejava/scribejava
524,janusgraph,JanusGraph,5452,28,2016-12-26T13:26:29Z,https://github.com/JanusGraph/janusgraph
525,TapTargetView,KeepSafe,5425,24,2016-09-11T09:07:36Z,https://github.com/KeepSafe/TapTargetView
526,rebound,facebookarchive,5422,10,2013-10-11T01:12:37Z,https://github.com/facebookarchive/rebound
527,linuxdeploy,meefik,5413,37,2012-08-21T04:49:14Z,https://github.com/meefik/linuxdeploy
528,wechat,motianhuo,5412,0,2015-05-25T02:33:37Z,https://github.com/motianhuo/wechat
529,dubbo-spring-boot-project,apache,5410,13,2018-01-18T12:10:50Z,https://github.com/apache/dubbo-spring-boot-project
530,jeepay,jeequan,5410,0,2017-08-12T02:40:32Z,https://github.com/jeequan/jeepay
531,FastBle,Jasonchenlijian,5382,9,2016-08-23T02:06:33Z,https://github.com/Jasonchenlijian/FastBle
532,android-job,Evernote,5370,31,2015-08-20T19:36:54Z,https://github.com/Evernote/android-job
533,socket.io-client-java,socketio,5368,7,2013-04-28T17:04:05Z,https://github.com/socketio/socket.io-client-java
534,SystemBarTint,jgilfelt,5360,3,2013-11-17T12:35:05Z,https://github.com/jgilfelt/SystemBarTint
535,cw-omnibus,commonsguy,5353,36,2012-03-12T14:12:06Z,https://github.com/commonsguy/cw-omnibus
536,shimmer-android,facebookarchive,5342,5,2015-02-27T22:25:22Z,https://github.com/facebookarchive/shimmer-android
537,XRecyclerView,XRecyclerView,5333,0,2015-11-18T08:14:22Z,https://github.com/XRecyclerView/XRecyclerView
538,android-advancedrecyclerview,h6ah4i,5326,1,2015-01-24T16:14:39Z,https://github.com/h6ah4i/android-advancedrecyclerview
539,hbase,apache,5310,45,2014-05-23T07:00:07Z,https://github.com/apache/hbase
540,generator,mybatis,5301,11,2013-02-10T11:14:50Z,https://github.com/mybatis/generator
541,jetcache,alibaba,5299,66,2017-04-12T07:48:23Z,https://github.com/alibaba/jetcache
542,gradle-retrolambda,evant,5291,37,2013-08-05T02:09:58Z,https://github.com/evant/gradle-retrolambda
543,spring-data-examples,spring-projects,5281,0,2014-01-30T15:42:43Z,https://github.com/spring-projects/spring-data-examples
544,android-lifecycle,xxv,5274,0,2014-04-18T14:26:22Z,https://github.com/xxv/android-lifecycle
545,VitamioBundle,yixia,5270,0,2012-10-19T08:40:49Z,https://github.com/yixia/VitamioBundle
546,groovy,apache,5267,0,2015-04-16T07:00:05Z,https://github.com/apache/groovy
547,google-authenticator,google,5259,0,2014-10-08T17:54:27Z,https://github.com/google/google-authenticator
548,Android-Touch-Helper,zfdang,5250,112,2020-10-16T00:58:41Z,https://github.com/zfdang/Android-Touch-Helper
549,Side-Menu.Android,Yalantis,5246,2,2015-01-13T11:11:27Z,https://github.com/Yalantis/Side-Menu.Android
550,titan,thinkaurelius,5241,0,2012-02-25T22:53:53Z,https://github.com/thinkaurelius/titan
551,thumbnailator,coobird,5239,0,2015-07-25T05:38:33Z,https://github.com/coobird/thumbnailator
552,Pixiv-Shaft,CeuiLiSA,5232,110,2019-04-01T09:59:09Z,https://github.com/CeuiLiSA/Pixiv-Shaft
553,twoway-view,lucasr,5230,0,2013-01-18T20:55:23Z,https://github.com/lucasr/twoway-view
554,Dexter,Karumi,5224,33,2015-11-17T13:14:43Z,https://github.com/Karumi/Dexter
555,okdownload,lingochamp,5216,8,2017-12-17T08:21:22Z,https://github.com/lingochamp/okdownload
556,FloatingActionButton,Clans,5214,14,2015-03-21T12:36:16Z,https://github.com/Clans/FloatingActionButton
557,novel,201206030,5214,12,2019-11-11T01:13:52Z,https://github.com/201206030/novel
558,BasePopup,razerdp,5214,15,2016-01-15T03:31:07Z,https://github.com/razerdp/BasePopup
559,springboot-guide,CodingDocs,5213,0,2018-11-28T01:05:07Z,https://github.com/CodingDocs/springboot-guide
560,web3j,LFDT-web3j,5198,118,2016-09-04T05:48:49Z,https://github.com/LFDT-web3j/web3j
561,smartTable,huangyanbin,5186,44,2017-11-08T01:11:14Z,https://github.com/huangyanbin/smartTable
562,nifi,apache,5185,0,2014-12-12T08:00:05Z,https://github.com/apache/nifi
563,library,ddd-by-examples,5181,0,2019-01-11T09:14:03Z,https://github.com/ddd-by-examples/library
564,JS-Sorting-Algorithm,hustcc,5172,0,2017-01-19T11:36:21Z,https://github.com/hustcc/JS-Sorting-Algorithm
565,strimzi-kafka-operator,strimzi,5152,146,2016-05-06T08:52:33Z,https://github.com/strimzi/strimzi-kafka-operator
566,otto,square,5152,0,2012-06-27T19:06:49Z,https://github.com/square/otto
567,ctci,careercup,5146,0,2013-03-21T23:01:01Z,https://github.com/careercup/ctci
568,DKVideoPlayer,Doikki,5135,32,2017-04-11T01:33:38Z,https://github.com/Doikki/DKVideoPlayer
569,views-widgets-samples,android,5112,0,2019-09-06T21:39:12Z,https://github.com/android/views-widgets-samples
570,dddsample-core,citerus,5105,0,2015-01-31T23:21:37Z,https://github.com/citerus/dddsample-core
571,shattered-pixel-dungeon,00-Evan,5095,50,2014-07-31T21:56:31Z,https://github.com/00-Evan/shattered-pixel-dungeon
572,usb-serial-for-android,mik3y,5081,33,2013-06-30T23:17:45Z,https://github.com/mik3y/usb-serial-for-android
573,keepass2android,PhilippC,5077,30,2017-09-20T18:42:02Z,https://github.com/PhilippC/keepass2android
574,bitcoinj,bitcoinj,5065,14,2013-11-19T04:33:23Z,https://github.com/bitcoinj/bitcoinj
575,reactor-core,reactor,5059,197,2015-11-10T10:06:40Z,https://github.com/reactor/reactor-core
576,Small,wequick,5053,25,2015-11-27T11:37:20Z,https://github.com/wequick/Small
577,picocli,remkop,5049,85,2017-02-01T16:38:41Z,https://github.com/remkop/picocli
578,sodium,CaffeineMC,5039,40,2020-02-01T03:04:09Z,https://github.com/CaffeineMC/sodium
579,Luyten,deathmarine,5037,17,2013-07-11T10:57:28Z,https://github.com/deathmarine/Luyten
580,opentsdb,OpenTSDB,5030,27,2010-08-27T02:05:20Z,https://github.com/OpenTSDB/opentsdb
581,CameraView,natario1,5021,42,2017-07-18T09:30:33Z,https://github.com/natario1/CameraView
582,MifareClassicTool,ikarus23,5017,8,2013-02-12T15:39:03Z,https://github.com/ikarus23/MifareClassicTool
583,android-common,Trinea,5016,1,2012-06-19T07:49:46Z,https://github.com/Trinea/android-common
584,android-zxingLibrary,yipianfengye,5014,0,2016-07-26T08:00:18Z,https://github.com/yipianfengye/android-zxingLibrary
585,YCSB,brianfrankcooper,5014,55,2010-04-19T20:52:11Z,https://github.com/brianfrankcooper/YCSB
586,pmd,pmd,5013,101,2012-07-11T18:03:00Z,https://github.com/pmd/pmd
587,sofa-boot,sofastack,5013,80,2018-04-02T08:28:14Z,https://github.com/sofastack/sofa-boot
588,easy-rules,j-easy,5013,10,2013-03-10T14:38:26Z,https://github.com/j-easy/easy-rules
589,GravitySnapHelper,rubensousa,5005,14,2016-08-31T07:25:23Z,https://github.com/rubensousa/GravitySnapHelper
590,UltraViewPager,alibaba,4999,10,2017-03-29T13:31:53Z,https://github.com/alibaba/UltraViewPager
591,shopping-management-system,zhanglei-workspace,4999,0,2015-11-16T12:53:21Z,https://github.com/zhanglei-workspace/shopping-management-system
592,dialogplus,orhanobut,4994,9,2014-12-12T09:24:44Z,https://github.com/orhanobut/dialogplus
593,QLExpress,alibaba,4990,10,2017-03-15T08:39:54Z,https://github.com/alibaba/QLExpress
594,TelegramBots,rubenlagus,4986,105,2016-01-14T00:13:07Z,https://github.com/rubenlagus/TelegramBots
595,LayoutManagerGroup,DingMouRen,4985,0,2018-04-28T11:47:38Z,https://github.com/DingMouRen/LayoutManagerGroup
596,joda-time,JodaOrg,4984,49,2011-05-16T16:49:57Z,https://github.com/JodaOrg/joda-time
597,JustTrustMe,Fuzion24,4983,1,2014-07-24T23:45:05Z,https://github.com/Fuzion24/JustTrustMe
598,spring-mvc-showcase,spring-attic,4982,0,2011-06-03T15:36:55Z,https://github.com/spring-attic/spring-mvc-showcase
599,midjourney-proxy,novicezk,4981,0,2023-04-24T13:43:45Z,https://github.com/novicezk/midjourney-proxy
600,InstaMaterial,frogermcs,4979,1,2014-11-10T18:56:49Z,https://github.com/frogermcs/InstaMaterial
601,XUI,xuexiangjys,4978,23,2019-01-07T07:59:02Z,https://github.com/xuexiangjys/XUI
602,lwjgl3,LWJGL,4973,21,2012-12-23T15:40:04Z,https://github.com/LWJGL/lwjgl3
603,CloudReader,youlookwhat,4964,25,2016-11-20T11:59:25Z,https://github.com/youlookwhat/CloudReader
604,mapdb,jankotek,4958,0,2012-08-17T15:28:54Z,https://github.com/jankotek/mapdb
605,OsmAnd,osmandapp,4957,1,2011-01-15T19:59:44Z,https://github.com/osmandapp/OsmAnd
606,liquibase,liquibase,4956,101,2011-07-08T20:08:20Z,https://github.com/liquibase/liquibase
607,spring-authorization-server,spring-projects,4954,69,2020-03-17T17:28:57Z,https://github.com/spring-projects/spring-authorization-server
608,RxJava2-Android-Samples,amitshekhariitbhu,4952,0,2016-08-27T08:21:37Z,https://github.com/amitshekhariitbhu/RxJava2-Android-Samples
609,gpmall,2227324689,4950,0,2019-07-18T14:09:22Z,https://github.com/2227324689/gpmall
610,NavigationTabBar,Devlight,4948,13,2016-03-29T08:59:27Z,https://github.com/Devlight/NavigationTabBar
611,runelite,runelite,4947,0,2016-04-30T20:48:02Z,https://github.com/runelite/runelite
612,megabasterd,tonikelope,4945,208,2016-09-29T16:54:54Z,https://github.com/tonikelope/megabasterd
613,xpay,Exrick,4939,0,2017-12-12T16:11:19Z,https://github.com/Exrick/xpay
614,Geyser,GeyserMC,4933,0,2019-07-08T17:23:17Z,https://github.com/GeyserMC/Geyser
615,RippleEffect,traex,4920,0,2014-10-14T13:32:51Z,https://github.com/traex/RippleEffect
616,react-native-linear-gradient,react-native-linear-gradient,4915,18,2015-03-31T17:44:40Z,https://github.com/react-native-linear-gradient/react-native-linear-gradient
617,folding-cell-android,Ramotion,4903,0,2016-04-01T11:38:47Z,https://github.com/Ramotion/folding-cell-android
618,spring-cloud-netflix,spring-cloud,4900,19,2014-07-11T15:46:12Z,https://github.com/spring-cloud/spring-cloud-netflix
619,Android-IMSI-Catcher-Detector,CellularPrivacy,4899,48,2013-11-23T10:04:14Z,https://github.com/CellularPrivacy/Android-IMSI-Catcher-Detector
620,ignite,apache,4898,0,2015-02-19T08:00:05Z,https://github.com/apache/ignite
621,oshi,oshi,4887,162,2012-02-10T12:46:48Z,https://github.com/oshi/oshi
622,armeria,line,4884,255,2015-11-16T04:04:01Z,https://github.com/line/armeria
623,DesignPattern,youlookwhat,4882,0,2016-10-21T10:59:32Z,https://github.com/youlookwhat/DesignPattern
624,roncoo-pay,roncoo,4880,0,2016-07-21T02:46:06Z,https://github.com/roncoo/roncoo-pay
625,react-native-config,lugg,4876,26,2016-02-23T00:19:11Z,https://github.com/lugg/react-native-config
626,wgcloud,tianshiyeben,4867,27,2019-01-15T02:02:21Z,https://github.com/tianshiyeben/wgcloud
627,sensitive-word,houbb,4866,2,2020-01-07T03:10:44Z,https://github.com/houbb/sensitive-word
628,dynamic-datasource,baomidou,4864,18,2018-04-28T02:32:16Z,https://github.com/baomidou/dynamic-datasource
629,typespec,microsoft,4861,148,2021-06-30T23:29:49Z,https://github.com/microsoft/typespec
630,QAuxiliary,cinit,4847,46,2022-01-29T06:12:36Z,https://github.com/cinit/QAuxiliary
631,cglib,cglib,4841,15,2014-03-29T13:48:30Z,https://github.com/cglib/cglib
632,bisq,bisq-network,4836,140,2014-03-12T09:42:29Z,https://github.com/bisq-network/bisq
633,querydsl,querydsl,4834,35,2011-08-05T06:46:32Z,https://github.com/querydsl/querydsl
634,reactive-streams-jvm,reactive-streams,4833,0,2014-02-28T13:16:15Z,https://github.com/reactive-streams/reactive-streams-jvm
635,java-faker,DiUS,4832,0,2011-06-06T01:01:21Z,https://github.com/DiUS/java-faker
636,WukongCRM-11.0-JAVA,WuKongOpenSource,4830,0,2021-04-06T10:58:55Z,https://github.com/WuKongOpenSource/WukongCRM-11.0-JAVA
637,packer-ng-plugin,mcxiaoke,4822,1,2015-11-24T04:08:08Z,https://github.com/mcxiaoke/packer-ng-plugin
638,Transitions-Everywhere,andkulikov,4816,23,2014-10-15T03:37:03Z,https://github.com/andkulikov/Transitions-Everywhere
639,lucida,claritylab,4805,0,2014-05-13T17:12:49Z,https://github.com/claritylab/lucida
640,openai-java,TheoKanning,4798,22,2020-09-15T02:58:52Z,https://github.com/TheoKanning/openai-java
641,killbill,killbill,4788,149,2012-10-21T20:55:05Z,https://github.com/killbill/killbill
642,orientdb,orientechnologies,4785,219,2012-12-09T20:33:47Z,https://github.com/orientechnologies/orientdb
643,jpexs-decompiler,jindrapetrik,4783,168,2014-05-10T17:20:56Z,https://github.com/jindrapetrik/jpexs-decompiler
644,Android-ConvenientBanner,saiwu-bigkoo,4770,0,2014-12-23T06:12:33Z,https://github.com/saiwu-bigkoo/Android-ConvenientBanner
645,aviatorscript,killme2008,4769,52,2011-03-29T12:48:47Z,https://github.com/killme2008/aviatorscript
646,rstudio,rstudio,4766,0,2010-12-07T19:10:25Z,https://github.com/rstudio/rstudio
647,calcite,apache,4766,0,2014-06-25T07:00:07Z,https://github.com/apache/calcite
648,spotless,diffplug,4765,20,2015-04-27T19:10:58Z,https://github.com/diffplug/spotless
649,react-native-webrtc,react-native-webrtc,4763,80,2015-09-27T10:57:30Z,https://github.com/react-native-webrtc/react-native-webrtc
650,Digital,hneemann,4756,35,2016-06-28T17:40:16Z,https://github.com/hneemann/Digital
651,Suwayomi-Server,Suwayomi,4752,56,2020-12-23T20:31:38Z,https://github.com/Suwayomi/Suwayomi-Server
652,AndroidStaggeredGrid,etsy,4750,7,2013-12-09T19:43:45Z,https://github.com/etsy/AndroidStaggeredGrid
653,cameraview,google,4743,0,2016-08-04T05:22:14Z,https://github.com/google/cameraview
654,small-spring,fuzhengwei,4742,0,2021-05-15T06:07:28Z,https://github.com/fuzhengwei/small-spring
655,reflections,ronmamo,4736,3,2013-04-16T16:19:26Z,https://github.com/ronmamo/reflections
656,android-tips-tricks,nisrulz,4735,0,2016-08-25T20:27:33Z,https://github.com/nisrulz/android-tips-tricks
657,SwitchButton,kyleduo,4731,0,2014-09-09T07:20:43Z,https://github.com/kyleduo/SwitchButton
658,mybatis,tuguangquan,4725,0,2014-11-03T04:51:06Z,https://github.com/tuguangquan/mybatis
659,spring-boot-best-practice,javastacks,4725,0,2018-11-09T06:23:18Z,https://github.com/javastacks/spring-boot-best-practice
660,baseAdapter,hongyangAndroid,4721,0,2015-08-03T02:55:51Z,https://github.com/hongyangAndroid/baseAdapter
661,Spring-Boot-In-Action,hansonwang99,4706,0,2019-01-28T12:56:51Z,https://github.com/hansonwang99/Spring-Boot-In-Action
662,chuck,jgilfelt,4700,5,2017-02-07T23:51:39Z,https://github.com/jgilfelt/chuck
663,spring-security-oauth,spring-attic,4694,0,2011-07-26T18:08:49Z,https://github.com/spring-attic/spring-security-oauth
664,mockserver,mock-server,4693,0,2013-02-26T06:09:52Z,https://github.com/mock-server/mockserver
665,ActiveAndroid,pardom-zz,4690,0,2012-11-15T18:10:45Z,https://github.com/pardom-zz/ActiveAndroid
666,FirebaseUI-Android,firebase,4667,66,2015-07-09T17:31:09Z,https://github.com/firebase/FirebaseUI-Android
667,MaterialDateTimePicker,wdullaer,4666,54,2015-01-03T19:41:03Z,https://github.com/wdullaer/MaterialDateTimePicker
668,automq,AutoMQ,4664,57,2023-08-17T07:50:13Z,https://github.com/AutoMQ/automq
669,cardslib,gabrielemariotti,4650,27,2013-09-20T21:57:19Z,https://github.com/gabrielemariotti/cardslib
670,PageIndicatorView,romandanylyk,4640,14,2016-08-20T19:25:32Z,https://github.com/romandanylyk/PageIndicatorView
671,microservices-platform,zlt2000,4639,30,2019-03-07T07:13:37Z,https://github.com/zlt2000/microservices-platform
672,blog_demos,zq2599,4636,0,2017-04-09T04:51:56Z,https://github.com/zq2599/blog_demos
673,esProc,SPLWare,4628,0,2021-11-09T15:41:25Z,https://github.com/SPLWare/esProc
674,spring-cloud-gateway,spring-cloud,4614,24,2016-11-16T21:42:51Z,https://github.com/spring-cloud/spring-cloud-gateway
675,libsvm,cjlin1,4613,0,2013-09-10T14:32:07Z,https://github.com/cjlin1/libsvm
676,JAViewer,SplashCodes,4612,10,2016-05-21T08:47:10Z,https://github.com/SplashCodes/JAViewer
677,SpringBoot-Shiro-Vue,Heeexy,4603,0,2017-11-17T18:49:06Z,https://github.com/Heeexy/SpringBoot-Shiro-Vue
678,ribbon,Netflix,4598,41,2013-01-15T01:08:04Z,https://github.com/Netflix/ribbon
679,rocketmq-externals,apache,4591,0,2017-03-14T07:00:06Z,https://github.com/apache/rocketmq-externals
680,JSON-java,stleary,4591,23,2010-12-21T17:46:09Z,https://github.com/stleary/JSON-java
681,poi-tl,Sayi,4584,14,2015-03-20T06:47:52Z,https://github.com/Sayi/poi-tl
682,crawler4j,yasserg,4581,3,2011-12-31T22:49:18Z,https://github.com/yasserg/crawler4j
683,SimplifyReader,chentao0707,4576,0,2015-08-17T08:22:53Z,https://github.com/chentao0707/SimplifyReader
684,ForestBlog,saysky,4571,0,2017-10-08T15:27:47Z,https://github.com/saysky/ForestBlog
685,quasar,puniverse,4569,18,2013-03-27T14:51:24Z,https://github.com/puniverse/quasar
686,db-tutorial,dunwu,4568,0,2017-08-08T06:33:38Z,https://github.com/dunwu/db-tutorial
687,micrometer,micrometer-metrics,4567,255,2017-04-10T21:36:51Z,https://github.com/micrometer-metrics/micrometer
688,JGrowing,javagrowing,4566,0,2019-02-26T01:55:08Z,https://github.com/javagrowing/JGrowing
689,javacpp,bytedeco,4562,12,2014-04-21T12:47:21Z,https://github.com/bytedeco/javacpp
690,Depth-LIB-Android-,danielzeller,4557,0,2016-04-27T09:37:28Z,https://github.com/danielzeller/Depth-LIB-Android-
691,sqlbrite,square,4556,9,2015-02-19T04:38:37Z,https://github.com/square/sqlbrite
692,Douya,zhanghai,4555,11,2016-02-01T13:44:19Z,https://github.com/zhanghai/Douya
693,go-lang-idea-plugin,go-lang-plugin-org,4554,21,2010-08-29T08:20:01Z,https://github.com/go-lang-plugin-org/go-lang-idea-plugin
694,maven,apache,4547,23,2009-05-21T03:22:03Z,https://github.com/apache/maven
695,android-crop,jdamcd,4542,6,2014-03-13T10:24:43Z,https://github.com/jdamcd/android-crop
696,concurrent,RedSpider1,4530,0,2018-11-03T13:49:36Z,https://github.com/RedSpider1/concurrent
697,--,981011512,4530,0,2020-06-18T22:47:21Z,https://github.com/981011512/--
698,Infinity-For-Reddit,Docile-Alligator,4526,173,2018-07-26T15:02:51Z,https://github.com/Docile-Alligator/Infinity-For-Reddit
699,dexposed,alibaba,4523,0,2015-06-30T02:59:16Z,https://github.com/alibaba/dexposed
700,bottomsheet,Flipboard,4521,10,2015-04-23T17:37:32Z,https://github.com/Flipboard/bottomsheet
701,GCViewer,chewiebug,4517,5,2011-10-23T09:01:04Z,https://github.com/chewiebug/GCViewer
702,simplify,CalebFenton,4517,9,2014-01-16T05:14:02Z,https://github.com/CalebFenton/simplify
703,SmoothProgressBar,castorflex,4513,9,2013-11-27T20:32:16Z,https://github.com/castorflex/SmoothProgressBar
704,android,nextcloud,4508,245,2016-06-06T21:23:36Z,https://github.com/nextcloud/android
705,AndroidHttpCapture,JZ-Darkal,4495,1,2016-10-15T19:48:00Z,https://github.com/JZ-Darkal/AndroidHttpCapture
706,allure2,allure-framework,4493,76,2016-05-27T14:06:05Z,https://github.com/allure-framework/allure2
707,bilibili-android-client,HotBitmapGG,4491,1,2016-06-01T04:36:01Z,https://github.com/HotBitmapGG/bilibili-android-client
708,azkaban,azkaban,4490,48,2012-10-18T01:34:53Z,https://github.com/azkaban/azkaban
709,java-algorithms-implementation,phishman3579,4486,0,2013-11-20T03:30:19Z,https://github.com/phishman3579/java-algorithms-implementation
710,NineOldAndroids,JakeWharton,4480,0,2011-12-08T19:46:37Z,https://github.com/JakeWharton/NineOldAndroids
711,objectbox-java,objectbox,4480,46,2017-01-24T10:29:48Z,https://github.com/objectbox/objectbox-java
712,opengrok,oracle,4475,286,2013-01-07T11:49:18Z,https://github.com/oracle/opengrok
713,AndroidTutorialForBeginners,hussien89aa,4471,0,2016-09-26T16:36:28Z,https://github.com/hussien89aa/AndroidTutorialForBeginners
714,epic,tiann,4462,5,2017-05-22T02:52:44Z,https://github.com/tiann/epic
715,android-mvp-architecture,janishar,4444,0,2017-01-27T08:39:06Z,https://github.com/janishar/android-mvp-architecture
716,JDA,discord-jda,4442,99,2015-12-12T13:57:32Z,https://github.com/discord-jda/JDA
717,Robust,Meituan-Dianping,4437,13,2017-03-14T10:14:50Z,https://github.com/Meituan-Dianping/Robust
718,android-times-square,square,4437,0,2013-01-30T20:28:27Z,https://github.com/square/android-times-square
719,GT,Tencent,4406,3,2016-01-13T10:29:55Z,https://github.com/Tencent/GT
720,DeepLinkDispatch,airbnb,4397,24,2015-06-11T21:16:48Z,https://github.com/airbnb/DeepLinkDispatch
721,Ant-Media-Server,ant-media,4392,62,2017-03-01T08:21:13Z,https://github.com/ant-media/Ant-Media-Server
722,moco,dreamhead,4392,1,2012-10-18T09:09:51Z,https://github.com/dreamhead/moco
723,djl,deepjavalibrary,4389,33,2019-10-29T22:38:54Z,https://github.com/deepjavalibrary/djl
724,ticker,robinhood,4386,9,2016-07-15T21:37:52Z,https://github.com/robinhood/ticker
725,WePush,rememberber,4383,58,2017-06-23T09:03:36Z,https://github.com/rememberber/WePush
726,ipscan,angryip,4368,30,2011-06-28T20:58:48Z,https://github.com/angryip/ipscan
727,BottomNavigation,Ashok-Varma,4367,16,2016-03-19T19:19:30Z,https://github.com/Ashok-Varma/BottomNavigation
728,GDA-android-reversing-Tool,charles2gan,4366,40,2017-10-31T08:18:29Z,https://github.com/charles2gan/GDA-android-reversing-Tool
729,shiro,apache,4362,11,2009-08-29T08:00:17Z,https://github.com/apache/shiro
730,leet-code,awangdev,4358,0,2015-04-25T19:14:09Z,https://github.com/awangdev/leet-code
731,flink-recommandSystem-demo,water8394,4356,0,2019-05-15T07:55:35Z,https://github.com/water8394/flink-recommandSystem-demo
732,Gadgetbridge,Freeyourgadget,4315,0,2015-01-05T23:19:03Z,https://github.com/Freeyourgadget/Gadgetbridge
733,BGARefreshLayout-Android,bingoogolapple,4311,4,2015-05-28T16:17:00Z,https://github.com/bingoogolapple/BGARefreshLayout-Android
734,h2database,h2database,4311,23,2015-04-10T19:09:09Z,https://github.com/h2database/h2database
735,ImagePicker,jeasonlzy,4302,5,2016-01-27T17:05:03Z,https://github.com/jeasonlzy/ImagePicker
736,serve,pytorch,4300,24,2019-10-03T03:17:43Z,https://github.com/pytorch/serve
737,spring-ai,spring-projects,4300,0,2023-06-27T18:57:29Z,https://github.com/spring-projects/spring-ai
738,jacoco,jacoco,4299,48,2012-07-08T21:45:13Z,https://github.com/jacoco/jacoco
739,android-volley,mcxiaoke,4289,0,2013-05-21T05:35:26Z,https://github.com/mcxiaoke/android-volley
740,frontend-maven-plugin,eirslett,4285,0,2013-08-30T14:44:38Z,https://github.com/eirslett/frontend-maven-plugin
741,coursera-android,aporter,4278,0,2014-01-05T09:55:31Z,https://github.com/aporter/coursera-android
742,IoT-Technical-Guide,IoT-Technology,4271,0,2019-04-02T01:52:44Z,https://github.com/IoT-Technology/IoT-Technical-Guide
743,dynamic-tp,dromara,4268,17,2022-01-07T16:35:27Z,https://github.com/dromara/dynamic-tp
744,android-autofittextview,grantland,4268,1,2011-02-14T06:00:52Z,https://github.com/grantland/android-autofittextview
745,CircleIndicator,ongakuer,4268,7,2014-07-30T14:02:56Z,https://github.com/ongakuer/CircleIndicator
746,java-learning,brianway,4266,0,2016-02-09T05:20:58Z,https://github.com/brianway/java-learning
747,InternetArchitect,bjmashibing,4257,0,2019-10-19T16:32:01Z,https://github.com/bjmashibing/InternetArchitect
748,dragonwell8,dragonwell-project,4254,38,2019-03-07T02:57:45Z,https://github.com/dragonwell-project/dragonwell8
749,OpenHub,ThirtyDegreesRay,4252,31,2017-07-11T13:29:51Z,https://github.com/ThirtyDegreesRay/OpenHub
750,aurora,linhaojun857,4249,0,2022-08-19T13:39:16Z,https://github.com/linhaojun857/aurora
751,flutter-webrtc,flutter-webrtc,4243,122,2018-03-07T02:26:03Z,https://github.com/flutter-webrtc/flutter-webrtc
752,fastexcel,fast-excel,4242,3,2024-10-05T11:42:50Z,https://github.com/fast-excel/fastexcel
753,failsafe,failsafe-lib,4236,0,2015-06-30T00:56:39Z,https://github.com/failsafe-lib/failsafe
754,MallChat,zongzibinbin,4235,0,2023-03-16T15:04:35Z,https://github.com/zongzibinbin/MallChat
755,ShineButton,ChadCSong,4220,2,2016-07-05T06:32:26Z,https://github.com/ChadCSong/ShineButton
756,tx-lcn,codingapi,4206,14,2017-11-11T03:34:34Z,https://github.com/codingapi/tx-lcn
757,crate,crate,4198,129,2013-04-10T09:17:16Z,https://github.com/crate/crate
758,CoordinatorTabLayout,hugeterry,4193,0,2017-01-27T13:40:28Z,https://github.com/hugeterry/CoordinatorTabLayout
759,unidbg,zhkl0228,4192,15,2019-02-26T09:32:15Z,https://github.com/zhkl0228/unidbg
760,jitsi,jitsi,4192,7,2013-04-24T17:37:20Z,https://github.com/jitsi/jitsi
761,FloatWindow,yhaolpz,4191,9,2017-11-14T14:33:55Z,https://github.com/yhaolpz/FloatWindow
762,camunda-bpm-platform,camunda,4190,0,2013-01-03T10:10:31Z,https://github.com/camunda/camunda-bpm-platform
763,JKeyboardPanelSwitch,Jacksgong,4187,14,2015-07-01T17:42:01Z,https://github.com/Jacksgong/JKeyboardPanelSwitch
764,spring-boot-starter,mybatis,4186,31,2015-09-25T13:05:15Z,https://github.com/mybatis/spring-boot-starter
765,powermock,powermock,4180,16,2014-05-28T07:53:53Z,https://github.com/powermock/powermock
766,campus-imaotai,oddfar,4178,11,2023-07-07T10:37:13Z,https://github.com/oddfar/campus-imaotai
767,BGABanner-Android,bingoogolapple,4174,0,2014-10-25T17:15:18Z,https://github.com/bingoogolapple/BGABanner-Android
768,javassist,jboss-javassist,4169,24,2013-05-24T08:31:32Z,https://github.com/jboss-javassist/javassist
769,open-location-code,google,4169,5,2014-09-30T18:26:35Z,https://github.com/google/open-location-code
770,zotfile,jlegewie,4149,33,2011-12-30T14:47:42Z,https://github.com/jlegewie/zotfile
771,markor,gsantner,4149,76,2017-08-26T00:08:35Z,https://github.com/gsantner/markor
772,aws-sdk-java,aws,4147,0,2010-03-22T23:34:58Z,https://github.com/aws/aws-sdk-java
773,AndroidWiFiADB,pedrovgs,4145,8,2015-10-18T21:58:45Z,https://github.com/pedrovgs/AndroidWiFiADB
774,malmo,microsoft,4136,21,2016-05-17T14:58:40Z,https://github.com/microsoft/malmo
775,guide-rpc-framework,Snailclimb,4123,0,2020-05-10T13:24:42Z,https://github.com/Snailclimb/guide-rpc-framework
776,hmily,dromara,4123,0,2017-09-28T06:29:01Z,https://github.com/dromara/hmily
777,Tangram-Android,alibaba,4115,38,2017-03-29T13:29:57Z,https://github.com/alibaba/Tangram-Android
778,LoadingDrawable,dinuscxj,4112,0,2016-04-16T07:33:57Z,https://github.com/dinuscxj/LoadingDrawable
779,maxwell,zendesk,4099,213,2015-02-09T22:06:13Z,https://github.com/zendesk/maxwell
780,ExpandableTextView,Manabu-GT,4088,4,2014-05-17T19:40:15Z,https://github.com/Manabu-GT/ExpandableTextView
781,LSPosed_mod,mywalkb,4075,10,2022-03-28T08:05:38Z,https://github.com/mywalkb/LSPosed_mod
782,java-developer-roadmap,s4kibs4mi,4073,0,2019-04-23T06:42:13Z,https://github.com/s4kibs4mi/java-developer-roadmap
783,oblivion,bepass-org,4072,12,2024-02-08T05:50:09Z,https://github.com/bepass-org/oblivion
784,tiny-spring,code4craft,4071,0,2014-01-10T16:37:57Z,https://github.com/code4craft/tiny-spring
785,dolby_beta,nining377,4071,37,2020-05-19T12:13:36Z,https://github.com/nining377/dolby_beta
786,ViewPagerCards,rubensousa,4067,0,2016-08-20T15:24:12Z,https://github.com/rubensousa/ViewPagerCards
787,jodd,oblac,4061,37,2012-09-07T20:26:48Z,https://github.com/oblac/jodd
788,bistoury,qunarcorp,4060,8,2019-08-01T07:54:25Z,https://github.com/qunarcorp/bistoury
789,CC,luckybilly,4050,0,2017-11-23T16:26:33Z,https://github.com/luckybilly/CC
790,SmartCropper,pqpo,4046,13,2017-08-03T11:08:41Z,https://github.com/pqpo/SmartCropper
791,chunjun,DTStack,4036,30,2018-04-03T12:44:58Z,https://github.com/DTStack/chunjun
792,greys-anatomy,oldmanpushcart,4028,0,2012-11-21T19:39:35Z,https://github.com/oldmanpushcart/greys-anatomy
793,streampark,apache,4021,28,2019-05-27T05:56:03Z,https://github.com/apache/streampark
794,XCL-Charts,xcltapestry,4018,0,2014-06-09T15:44:50Z,https://github.com/xcltapestry/XCL-Charts
795,Telegram-X,TGX-Android,4016,4,2021-08-17T17:09:25Z,https://github.com/TGX-Android/Telegram-X
796,dubbo-admin,apache,4015,6,2018-01-11T05:30:17Z,https://github.com/apache/dubbo-admin
797,Bolts-Android,BoltsFramework,4012,11,2014-01-30T04:58:14Z,https://github.com/BoltsFramework/Bolts-Android
798,Phoenix,Yalantis,4004,1,2015-01-12T14:11:20Z,https://github.com/Yalantis/Phoenix
799,FloatingActionButton,makovkastar,4003,0,2014-07-22T13:29:55Z,https://github.com/makovkastar/FloatingActionButton
800,TwinklingRefreshLayout,lcodecorex,4002,0,2016-03-02T12:11:56Z,https://github.com/lcodecorex/TwinklingRefreshLayout
801,BigImageViewer,Piasy,3986,0,2016-11-06T09:55:02Z,https://github.com/Piasy/BigImageViewer
802,geoserver,geoserver,3985,55,2011-11-10T19:56:06Z,https://github.com/geoserver/geoserver
803,hawk,orhanobut,3985,22,2015-02-19T22:25:23Z,https://github.com/orhanobut/hawk
804,fastjson2,alibaba,3983,56,2022-04-17T04:27:24Z,https://github.com/alibaba/fastjson2
805,BadgeView,qstumn,3980,5,2017-02-08T02:01:39Z,https://github.com/qstumn/BadgeView
806,Aliucord,Aliucord,3961,14,2021-02-27T16:59:06Z,https://github.com/Aliucord/Aliucord
807,GuideView,binIoter,3957,0,2016-06-19T08:52:25Z,https://github.com/binIoter/GuideView
808,tech-weekly,mercyblitz,3956,0,2018-12-03T03:10:52Z,https://github.com/mercyblitz/tech-weekly
809,effective-java-3e-source-code,jbloch,3954,0,2018-08-03T20:48:35Z,https://github.com/jbloch/effective-java-3e-source-code
810,novel-plus,201206030,3952,27,2020-05-02T07:15:43Z,https://github.com/201206030/novel-plus
811,interviewGuide,NotFound9,3946,0,2016-04-20T07:17:09Z,https://github.com/NotFound9/interviewGuide
812,RichText,zzhoujay,3941,0,2015-07-21T09:36:01Z,https://github.com/zzhoujay/RichText
813,android-iconify,JoanZapata,3937,0,2013-06-12T11:42:01Z,https://github.com/JoanZapata/android-iconify
814,XChange,knowm,3937,0,2012-02-02T10:48:28Z,https://github.com/knowm/XChange
815,RxJavaSamples,rengwuxian,3937,3,2016-03-24T13:08:10Z,https://github.com/rengwuxian/RxJavaSamples
816,LiveEventBus,JeremyLiao,3930,0,2018-07-11T07:36:59Z,https://github.com/JeremyLiao/LiveEventBus
817,XposedInstaller,rovo89,3928,0,2012-04-02T20:33:05Z,https://github.com/rovo89/XposedInstaller
818,jmonkeyengine,jMonkeyEngine,3927,69,2014-03-20T22:29:28Z,https://github.com/jMonkeyEngine/jmonkeyengine
819,DataMiningAlgorithm,linyiqun,3909,0,2015-01-11T02:50:28Z,https://github.com/linyiqun/DataMiningAlgorithm
820,Conductor,bluelinelabs,3902,36,2016-03-16T18:42:41Z,https://github.com/bluelinelabs/Conductor
821,jetty.project,jetty,3900,113,2011-07-14T01:11:57Z,https://github.com/jetty/jetty.project
822,jstorm,alibaba,3900,22,2013-09-03T03:53:16Z,https://github.com/alibaba/jstorm
823,learning-spark,databricks,3891,0,2014-06-16T04:47:54Z,https://github.com/databricks/learning-spark
824,Leetcode,fishercoder1534,3886,0,2016-07-31T05:28:15Z,https://github.com/fishercoder1534/Leetcode
825,awaitility,awaitility,3885,0,2010-01-22T15:12:52Z,https://github.com/awaitility/awaitility
826,grobid,kermitt2,3884,21,2012-09-13T15:48:54Z,https://github.com/kermitt2/grobid
827,BackgroundLibrary,JavaNoober,3874,13,2018-09-09T08:52:45Z,https://github.com/JavaNoober/BackgroundLibrary
828,Launcher3,amirzaidi,3865,22,2017-05-30T12:53:32Z,https://github.com/amirzaidi/Launcher3
829,screw,pingfangushi,3864,0,2020-06-21T11:37:06Z,https://github.com/pingfangushi/screw
830,xboot,Exrick,3862,6,2018-04-23T14:44:18Z,https://github.com/Exrick/xboot
831,bitcoin-wallet,bitcoin-wallet,3862,0,2012-03-31T17:06:47Z,https://github.com/bitcoin-wallet/bitcoin-wallet
832,sofa-rpc,sofastack,3862,61,2018-04-09T03:32:04Z,https://github.com/sofastack/sofa-rpc
833,TinyPinyin,promeG,3859,2,2015-09-30T03:24:50Z,https://github.com/promeG/TinyPinyin
834,Timeline-View,vipulasri,3854,15,2015-12-15T14:55:04Z,https://github.com/vipulasri/Timeline-View
835,IDDD_Samples,VaughnVernon,3843,0,2013-04-08T22:12:57Z,https://github.com/VaughnVernon/IDDD_Samples
836,java-tron,tronprotocol,3837,79,2017-12-26T10:20:38Z,https://github.com/tronprotocol/java-tron
837,ahbottomnavigation,aurelhubert,3835,14,2016-03-17T12:17:56Z,https://github.com/aurelhubert/ahbottomnavigation
838,MaterialSearchView,MiguelCatalan,3829,6,2015-09-14T17:13:46Z,https://github.com/MiguelCatalan/MaterialSearchView
839,DSBridge-Android,wendux,3825,2,2017-01-02T11:58:53Z,https://github.com/wendux/DSBridge-Android
840,ripme,RipMeApp,3823,132,2017-01-06T17:12:09Z,https://github.com/RipMeApp/ripme
841,CircleProgress,uknownothingsnow,3819,0,2014-10-30T16:14:42Z,https://github.com/uknownothingsnow/CircleProgress
842,leetcode-editor,shuzijun,3816,55,2019-03-19T16:32:17Z,https://github.com/shuzijun/leetcode-editor
843,PeerBanHelper,PBH-BTN,3816,114,2024-02-07T14:35:16Z,https://github.com/PBH-BTN/PeerBanHelper
844,jabref,JabRef,3806,44,2014-03-11T14:48:42Z,https://github.com/JabRef/jabref
845,ShedLock,lukas-krecan,3804,0,2016-12-11T13:53:59Z,https://github.com/lukas-krecan/ShedLock
846,syncthing-android,syncthing,3795,332,2014-02-22T17:15:19Z,https://github.com/syncthing/syncthing-android
847,MarqueeView,sunfusheng,3782,0,2016-06-01T06:50:46Z,https://github.com/sunfusheng/MarqueeView
848,OpenPDF,LibrePDF,3782,73,2016-07-11T15:50:34Z,https://github.com/LibrePDF/OpenPDF
849,SuperTextView,lygttpod,3773,39,2016-10-19T04:06:54Z,https://github.com/lygttpod/SuperTextView
850,AndServer,yanzhenjie,3772,1,2016-06-14T00:52:52Z,https://github.com/yanzhenjie/AndServer
851,mpush,mpusher,3768,9,2016-04-28T01:43:19Z,https://github.com/mpusher/mpush
852,My-Blog,ZHENFENG13,3759,0,2019-03-04T09:17:00Z,https://github.com/ZHENFENG13/My-Blog
853,roboguice,roboguice,3758,0,2012-08-12T20:37:19Z,https://github.com/roboguice/roboguice
854,lilishop,lilishop,3757,3,2021-05-14T01:28:51Z,https://github.com/lilishop/lilishop
855,andOTP,andOTP,3756,38,2017-07-05T11:39:52Z,https://github.com/andOTP/andOTP
856,CustomActivityOnCrash,Ereza,3749,12,2014-07-04T19:46:21Z,https://github.com/Ereza/CustomActivityOnCrash
857,react-native-share,react-native-share,3747,133,2015-09-30T02:27:34Z,https://github.com/react-native-share/react-native-share
858,sticky-headers-recyclerview,timehop,3745,0,2014-10-03T01:57:46Z,https://github.com/timehop/sticky-headers-recyclerview
859,blurkit-android,CameraKit,3745,3,2016-11-06T03:14:58Z,https://github.com/CameraKit/blurkit-android
860,SwipeDelMenuLayout,mcxtzhang,3744,2,2016-08-25T08:10:45Z,https://github.com/mcxtzhang/SwipeDelMenuLayout
861,mlkit,googlesamples,3739,1,2020-05-28T21:40:38Z,https://github.com/googlesamples/mlkit
862,spruce-android,willowtreeapps,3720,3,2017-02-23T20:34:18Z,https://github.com/willowtreeapps/spruce-android
863,NullAway,uber,3713,25,2017-09-01T17:35:57Z,https://github.com/uber/NullAway
864,java,kubernetes-client,3713,53,2017-05-08T21:52:58Z,https://github.com/kubernetes-client/java
865,Terasology,MovingBlocks,3713,70,2011-03-04T03:49:19Z,https://github.com/MovingBlocks/Terasology
866,atmosphere,Atmosphere,3708,0,2010-06-30T14:26:23Z,https://github.com/Atmosphere/atmosphere
867,NoHttp,yanzhenjie,3707,0,2015-07-29T06:11:12Z,https://github.com/yanzhenjie/NoHttp
868,ChatKit,stfalcon-studio,3707,1,2017-02-02T09:37:15Z,https://github.com/stfalcon-studio/ChatKit
869,StylishMusicPlayer,ryanhoo,3704,0,2016-09-13T14:38:32Z,https://github.com/ryanhoo/StylishMusicPlayer
870,Skeleton,ethanhua,3697,0,2017-07-30T06:42:39Z,https://github.com/ethanhua/Skeleton
871,ByteLegend,ByteLegend,3695,0,2021-02-01T10:11:30Z,https://github.com/ByteLegend/ByteLegend
872,ASimpleCache,yangfuhai,3684,0,2013-07-28T13:50:59Z,https://github.com/yangfuhai/ASimpleCache
873,BannerViewPager,zhpanvip,3684,57,2017-03-28T09:11:11Z,https://github.com/zhpanvip/BannerViewPager
874,Play-with-Algorithms,liuyubobobo,3684,0,2016-07-05T18:16:22Z,https://github.com/liuyubobobo/Play-with-Algorithms
875,kylin,apache,3684,1,2015-01-03T08:00:05Z,https://github.com/apache/kylin
876,pdfsam,torakiki,3678,64,2013-09-24T11:06:13Z,https://github.com/torakiki/pdfsam
877,shopizer,shopizer-ecommerce,3668,18,2012-11-21T03:42:39Z,https://github.com/shopizer-ecommerce/shopizer
878,rejoiner,google,3667,3,2017-12-06T19:09:53Z,https://github.com/google/rejoiner
879,bundletool,google,3667,63,2018-05-04T07:24:09Z,https://github.com/google/bundletool
880,pixel-dungeon,watabou,3666,0,2014-07-26T17:34:32Z,https://github.com/watabou/pixel-dungeon
881,sofa-jraft,sofastack,3666,31,2019-03-04T10:13:43Z,https://github.com/sofastack/sofa-jraft
882,groupie,lisawray,3665,28,2016-09-01T20:59:35Z,https://github.com/lisawray/groupie
883,databus,linkedin,3659,0,2012-12-17T17:49:17Z,https://github.com/linkedin/databus
884,Linkage-RecyclerView,KunMinX,3653,0,2019-04-22T04:39:46Z,https://github.com/KunMinX/Linkage-RecyclerView
885,android-common,litesuits,3647,0,2014-05-29T08:08:00Z,https://github.com/litesuits/android-common
886,FlatLaf,JFormDesigner,3642,85,2019-08-19T10:27:05Z,https://github.com/JFormDesigner/FlatLaf
887,light-4j,networknt,3637,190,2016-09-09T22:28:14Z,https://github.com/networknt/light-4j
888,RoaringBitmap,RoaringBitmap,3637,34,2013-06-17T20:29:23Z,https://github.com/RoaringBitmap/RoaringBitmap
889,JCTools,JCTools,3633,18,2013-11-10T18:04:40Z,https://github.com/JCTools/JCTools
890,chatgpt-java,PlexPt,3632,24,2022-12-07T04:55:33Z,https://github.com/PlexPt/chatgpt-java
891,undertow,undertow-io,3629,9,2012-07-19T00:52:44Z,https://github.com/undertow-io/undertow
892,incubator-heron,apache,3629,56,2015-09-25T16:09:24Z,https://github.com/apache/incubator-heron
893,Android-BluetoothKit,dingjikerbo,3627,0,2015-10-08T09:07:33Z,https://github.com/dingjikerbo/Android-BluetoothKit
894,BlurView,Dimezis,3625,29,2016-04-21T16:00:07Z,https://github.com/Dimezis/BlurView
895,tablesaw,jtablesaw,3611,79,2016-01-01T14:58:28Z,https://github.com/jtablesaw/tablesaw
896,emojicon,rockerhieu,3610,2,2014-01-18T12:32:38Z,https://github.com/rockerhieu/emojicon
897,helidon,helidon-io,3603,119,2018-08-27T11:03:52Z,https://github.com/helidon-io/helidon
898,spotbugs,spotbugs,3601,68,2016-11-04T22:18:08Z,https://github.com/spotbugs/spotbugs
899,fernflower,fesh0r,3598,0,2014-10-03T05:00:15Z,https://github.com/fesh0r/fernflower
900,ExplosionField,tyrantgit,3596,0,2015-09-23T11:34:50Z,https://github.com/tyrantgit/ExplosionField
901,Alink,alibaba,3596,22,2018-09-30T06:36:11Z,https://github.com/alibaba/Alink
902,cyberduck,iterate-ch,3594,0,2017-01-20T14:16:34Z,https://github.com/iterate-ch/cyberduck
903,grpc-spring,grpc-ecosystem,3593,34,2016-12-30T09:06:15Z,https://github.com/grpc-ecosystem/grpc-spring
904,DropDownMenu,dongjunkun,3591,2,2015-06-23T07:43:56Z,https://github.com/dongjunkun/DropDownMenu
905,NewbieGuide,huburt-Hu,3588,20,2017-07-28T06:54:05Z,https://github.com/huburt-Hu/NewbieGuide
906,android-stackblur,kikoso,3582,0,2013-08-15T14:44:32Z,https://github.com/kikoso/android-stackblur
907,data-transfer-project,dtinit,3577,61,2018-01-04T21:27:57Z,https://github.com/dtinit/data-transfer-project
908,JavaSourceCodeLearning,coderbruis,3577,0,2020-06-02T13:34:20Z,https://github.com/coderbruis/JavaSourceCodeLearning
909,spock,spockframework,3575,25,2010-12-12T19:02:34Z,https://github.com/spockframework/spock
910,ShadowLayout,lihangleo2,3568,28,2019-07-09T07:17:06Z,https://github.com/lihangleo2/ShadowLayout
911,android-maps-utils,googlemaps,3568,47,2013-05-17T00:08:48Z,https://github.com/googlemaps/android-maps-utils
912,FlexibleAdapter,davideas,3566,30,2015-05-02T22:00:43Z,https://github.com/davideas/FlexibleAdapter
913,ThreeTenABP,JakeWharton,3564,0,2015-07-03T17:35:09Z,https://github.com/JakeWharton/ThreeTenABP
914,jackson-databind,FasterXML,3564,0,2011-12-23T07:17:41Z,https://github.com/FasterXML/jackson-databind
915,AppUpdate,WVector,3560,3,2017-06-19T09:38:42Z,https://github.com/WVector/AppUpdate
916,vertx-examples,vert-x3,3560,0,2015-02-24T17:42:44Z,https://github.com/vert-x3/vertx-examples
917,netty-learning,code4craft,3553,0,2013-09-19T02:24:25Z,https://github.com/code4craft/netty-learning
918,hackpad,dropbox,3551,0,2015-08-14T02:32:17Z,https://github.com/dropbox/hackpad
919,parceler,johncarl81,3549,0,2013-07-03T02:53:01Z,https://github.com/johncarl81/parceler
920,MagicaSakura,bilibili,3549,3,2016-06-23T07:54:59Z,https://github.com/bilibili/MagicaSakura
921,Android,hmkcode,3545,0,2013-09-02T16:12:28Z,https://github.com/hmkcode/Android
922,AndroRAT,karma9874,3544,0,2020-03-22T09:31:28Z,https://github.com/karma9874/AndroRAT
923,floatingsearchview,arimorty,3540,0,2015-11-22T02:38:32Z,https://github.com/arimorty/floatingsearchview
924,retrolambda,luontola,3539,0,2013-07-20T07:25:22Z,https://github.com/luontola/retrolambda
925,mcaselector,Querz,3537,68,2018-04-22T22:23:26Z,https://github.com/Querz/mcaselector
926,learning-note,rbmonster,3536,0,2020-06-15T16:47:25Z,https://github.com/rbmonster/learning-note
927,camunda,camunda,3528,364,2016-03-20T03:38:04Z,https://github.com/camunda/camunda
928,ftgo-application,microservices-patterns,3526,0,2017-10-23T04:30:04Z,https://github.com/microservices-patterns/ftgo-application
929,Store,nytimes,3522,0,2016-11-29T20:17:11Z,https://github.com/nytimes/Store
930,initializr,spring-io,3521,16,2013-06-07T16:02:22Z,https://github.com/spring-io/initializr
931,RecyclerViewPager,lsjwzh,3520,10,2015-01-17T18:30:34Z,https://github.com/lsjwzh/RecyclerViewPager
932,Music-Player,andremion,3517,2,2016-05-06T21:55:37Z,https://github.com/andremion/Music-Player
933,brigadier,Mojang,3515,3,2014-09-15T08:48:24Z,https://github.com/Mojang/brigadier
934,yacy_search_server,yacy,3512,0,2015-03-22T12:54:20Z,https://github.com/yacy/yacy_search_server
935,SwipeMenuListView,baoyongzhang,3507,2,2014-08-24T15:40:45Z,https://github.com/baoyongzhang/SwipeMenuListView
936,akhq,tchiotludo,3504,41,2018-09-09T19:35:39Z,https://github.com/tchiotludo/akhq
937,FairEmail,M66B,3503,1000,2018-08-02T13:30:25Z,https://github.com/M66B/FairEmail
938,GeekNews,codeestX,3503,0,2016-08-07T14:56:56Z,https://github.com/codeestX/GeekNews
939,libstreaming,fyhertz,3500,0,2013-01-30T21:24:47Z,https://github.com/fyhertz/libstreaming
940,jshERP,jishenghua,3498,6,2016-09-20T04:51:39Z,https://github.com/jishenghua/jshERP
941,android-hidden-api,anggrayudi,3492,2,2015-09-16T11:58:33Z,https://github.com/anggrayudi/android-hidden-api
942,LoadSir,KingJA,3491,6,2017-09-02T08:32:15Z,https://github.com/KingJA/LoadSir
943,spring-cloud-kubernetes,spring-cloud,3486,25,2016-12-13T21:36:25Z,https://github.com/spring-cloud/spring-cloud-kubernetes
944,RxAndroidBle,dariuszseweryn,3483,59,2016-02-04T13:42:02Z,https://github.com/dariuszseweryn/RxAndroidBle
945,kubernetes-client,fabric8io,3483,119,2015-07-09T15:43:13Z,https://github.com/fabric8io/kubernetes-client
946,JavaEETest,lenve,3481,0,2016-12-13T02:13:58Z,https://github.com/lenve/JavaEETest
947,BottomNavigationViewEx,ittianyu,3475,19,2016-11-12T08:39:38Z,https://github.com/ittianyu/BottomNavigationViewEx
948,SurveyKing,javahuang,3474,3,2021-09-06T13:34:14Z,https://github.com/javahuang/SurveyKing
949,marshalsec,mbechler,3472,0,2017-05-22T11:43:57Z,https://github.com/mbechler/marshalsec
950,immutables,immutables,3471,11,2013-07-07T13:48:23Z,https://github.com/immutables/immutables
951,PreviewSeekBar,rubensousa,3468,10,2017-01-24T23:52:44Z,https://github.com/rubensousa/PreviewSeekBar
952,HaE,gh0stkey,3466,72,2020-03-24T10:12:50Z,https://github.com/gh0stkey/HaE
953,QNotified,ferredoxin,3445,28,2019-03-24T05:12:41Z,https://github.com/ferredoxin/QNotified
954,SSM,crossoverJie,3443,10,2016-06-21T10:09:02Z,https://github.com/crossoverJie/SSM
955,logging-log4j2,apache,3442,13,2013-06-12T07:00:19Z,https://github.com/apache/logging-log4j2
956,migration,phodal,3439,0,2020-01-08T02:11:38Z,https://github.com/phodal/migration
957,Iris,IrisShaders,3437,140,2020-10-22T20:21:12Z,https://github.com/IrisShaders/Iris
958,Android-Week-View,alamkanak,3436,4,2014-09-17T10:07:12Z,https://github.com/alamkanak/Android-Week-View
959,SeeWeather,xcc3641,3434,2,2016-02-20T13:10:14Z,https://github.com/xcc3641/SeeWeather
960,AlgoDS,sherxon,3433,0,2016-12-16T17:01:22Z,https://github.com/sherxon/AlgoDS
961,giffun,guolindev,3433,0,2019-01-28T05:11:00Z,https://github.com/guolindev/giffun
962,MyPerf4J,LinShunKang,3429,23,2018-03-11T09:58:44Z,https://github.com/LinShunKang/MyPerf4J
963,Chronicle-Queue,OpenHFT,3423,520,2013-06-02T15:11:33Z,https://github.com/OpenHFT/Chronicle-Queue
964,android,cSploit,3421,33,2014-10-04T05:53:29Z,https://github.com/cSploit/android
965,maestro,Netflix,3418,0,2024-04-17T01:15:56Z,https://github.com/Netflix/maestro
966,openhab1-addons,openhab,3418,14,2013-09-20T20:28:43Z,https://github.com/openhab/openhab1-addons
967,signal-cli,AsamK,3413,97,2015-05-11T10:49:42Z,https://github.com/AsamK/signal-cli
968,chatgpt-java,Grt1228,3411,10,2023-02-11T08:54:54Z,https://github.com/Grt1228/chatgpt-java
969,LQRWeChat,GitLqr,3409,0,2017-02-07T06:32:40Z,https://github.com/GitLqr/LQRWeChat
970,BubbleSeekBar,woxingxiao,3401,12,2016-11-03T14:31:05Z,https://github.com/woxingxiao/BubbleSeekBar
971,AxonFramework,AxonFramework,3399,128,2011-12-02T16:04:42Z,https://github.com/AxonFramework/AxonFramework
972,android-priority-jobqueue,yigit,3394,0,2014-06-20T00:12:45Z,https://github.com/yigit/android-priority-jobqueue
973,springdoc-openapi,springdoc,3390,87,2019-07-11T23:08:20Z,https://github.com/springdoc/springdoc-openapi
974,volley,google,3388,9,2017-01-24T17:39:33Z,https://github.com/google/volley
975,red5-server,Red5,3385,103,2013-11-19T05:04:10Z,https://github.com/Red5/red5-server
976,blossom,blossom-editor,3383,17,2023-08-07T03:02:17Z,https://github.com/blossom-editor/blossom
977,openj9,eclipse-openj9,3379,50,2017-08-25T13:46:07Z,https://github.com/eclipse-openj9/openj9
978,http-request,kevinsawicki,3375,0,2011-10-21T19:54:58Z,https://github.com/kevinsawicki/http-request
979,android-butterknife-zelezny,avast,3372,8,2013-12-23T14:24:08Z,https://github.com/avast/android-butterknife-zelezny
980,AutoDispose,uber,3371,4,2016-12-22T18:46:11Z,https://github.com/uber/AutoDispose
981,MyBatis-Spring-Boot,abel533,3368,0,2015-12-19T09:57:22Z,https://github.com/abel533/MyBatis-Spring-Boot
982,incubator-kie-optaplanner,apache,3363,5,2011-02-15T19:38:23Z,https://github.com/apache/incubator-kie-optaplanner
983,Java,HelloWorld521,3359,0,2016-12-08T14:01:46Z,https://github.com/HelloWorld521/Java
984,dinky,DataLinkDC,3355,29,2021-06-09T07:11:26Z,https://github.com/DataLinkDC/dinky
985,my-site,WinterChenS,3354,0,2018-05-03T09:05:37Z,https://github.com/WinterChenS/my-site
986,ArchUnit,TNG,3350,41,2017-04-21T08:39:20Z,https://github.com/TNG/ArchUnit
987,linkis,apache,3349,32,2019-07-23T06:41:51Z,https://github.com/apache/linkis
988,sndcpy,rom1v,3348,2,2020-06-09T19:36:57Z,https://github.com/rom1v/sndcpy
989,ffmpeg-android-java,cropsly,3338,8,2014-09-11T10:12:09Z,https://github.com/cropsly/ffmpeg-android-java
990,DDComponentForAndroid,luojilab,3332,4,2017-09-07T05:48:44Z,https://github.com/luojilab/DDComponentForAndroid
991,jvm-tools,aragozin,3326,0,2012-04-28T09:28:32Z,https://github.com/aragozin/jvm-tools
992,Toaster,getActivity,3326,33,2018-09-16T05:28:57Z,https://github.com/getActivity/Toaster
993,ScalingLayout,iammert,3321,4,2017-10-01T12:28:34Z,https://github.com/iammert/ScalingLayout
994,archi,ivacf,3320,0,2015-09-11T16:13:34Z,https://github.com/ivacf/archi
995,uncle-novel,uncle-novel,3319,1,2018-12-11T12:15:30Z,https://github.com/uncle-novel/uncle-novel
996,concurrency-limits,Netflix,3314,102,2017-12-11T19:32:41Z,https://github.com/Netflix/concurrency-limits
997,HyperCeiler,ReChronoRain,3309,6,2023-10-27T17:17:42Z,https://github.com/ReChronoRain/HyperCeiler
998,PRDownloader,amitshekhariitbhu,3308,8,2017-11-11T19:29:38Z,https://github.com/amitshekhariitbhu/PRDownloader
999,SuperTextView,chenBingX,3308,33,2017-04-17T11:32:41Z,https://github.com/chenBingX/SuperTextView
1000,99-problems,shekhargulati,3301,0,2015-11-22T05:56:33Z,https://github.com/shekhargulati/99-problems
