Nome,Dono,Estrelas,Releases,Criado em,URL
JavaGuide,Snailclimb,148824,0,2018-05-07T13:27:00Z,https://github.com/Snailclimb/JavaGuide
hello-algo,krahets,110726,9,2022-11-04T11:08:34Z,https://github.com/krahets/hello-algo
java-design-patterns,iluwatar,91024,0,2014-08-09T16:45:18Z,https://github.com/iluwatar/java-design-patterns
mall,macrozheng,79597,3,2018-04-04T01:11:44Z,https://github.com/macrozheng/mall
advanced-java,doocs,77277,1,2018-10-06T11:38:30Z,https://github.com/doocs/advanced-java
spring-boot,spring-projects,76507,303,2012-10-19T15:02:57Z,https://github.com/spring-projects/spring-boot
LeetCodeAnimation,MisterBooo,75776,0,2018-12-06T08:01:22Z,https://github.com/MisterBooo/LeetCodeAnimation
elasticsearch,elastic,72063,174,2010-02-08T13:20:56Z,https://github.com/elastic/elasticsearch
interviews,kdn251,64024,0,2017-02-14T18:19:25Z,https://github.com/kdn251/interviews
Java,TheAlgorithms,61130,0,2016-07-16T10:21:02Z,https://github.com/TheAlgorithms/Java
spring-framework,spring-projects,57600,328,2010-12-08T04:04:45Z,https://github.com/spring-projects/spring-framework
ghidra,NationalSecurityAgency,55534,42,2019-03-01T03:27:48Z,https://github.com/NationalSecurityAgency/ghidra
Stirling-PDF,Stirling-Tools,54524,119,2023-01-27T18:22:42Z,https://github.com/Stirling-Tools/Stirling-PDF
guava,google,50598,53,2014-05-29T16:23:17Z,https://github.com/google/guava
RxJava,ReactiveX,48051,235,2013-01-08T20:11:48Z,https://github.com/ReactiveX/RxJava
jadx,skylot,43248,30,2013-03-18T17:08:21Z,https://github.com/skylot/jadx
dbeaver,dbeaver,42352,219,2015-10-21T08:26:28Z,https://github.com/dbeaver/dbeaver
JeecgBoot,jeecgboot,41957,54,2018-11-26T10:40:00Z,https://github.com/jeecgboot/JeecgBoot
dubbo,apache,40832,109,2012-06-19T07:56:02Z,https://github.com/apache/dubbo
termux-app,termux,39909,91,2015-10-23T09:42:46Z,https://github.com/termux/termux-app
MPAndroidChart,PhilJay,37873,44,2014-04-25T14:29:47Z,https://github.com/PhilJay/MPAndroidChart
tutorials,eugenp,37104,0,2013-04-29T18:26:36Z,https://github.com/eugenp/tutorials
arthas,alibaba,36076,59,2018-08-29T17:15:57Z,https://github.com/alibaba/arthas
hello-algorithm,geekxh,35526,0,2020-05-29T05:47:09Z,https://github.com/geekxh/hello-algorithm
lottie-android,airbnb,35247,57,2016-10-06T22:42:42Z,https://github.com/airbnb/lottie-android
halo,halo-dev,35021,210,2018-03-21T12:56:52Z,https://github.com/halo-dev/halo
glide,bumptech,34821,47,2013-07-08T22:52:33Z,https://github.com/bumptech/glide
netty,netty,33899,0,2010-11-09T09:22:21Z,https://github.com/netty/netty
spring-boot-demo,xkcoding,33511,0,2017-11-10T06:27:29Z,https://github.com/xkcoding/spring-boot-demo
AndroidUtilCode,Blankj,33498,117,2016-07-30T18:18:32Z,https://github.com/Blankj/AndroidUtilCode
leetcode,doocs,33360,21,2018-09-16T14:03:03Z,https://github.com/doocs/leetcode
NewPipe,TeamNewPipe,33275,135,2015-09-03T23:39:26Z,https://github.com/TeamNewPipe/NewPipe
easyexcel,alibaba,33233,14,2018-02-06T03:14:08Z,https://github.com/alibaba/easyexcel
zxing,zxing,33164,31,2011-10-12T14:07:27Z,https://github.com/zxing/zxing
selenium,SeleniumHQ,31904,102,2013-01-14T21:40:56Z,https://github.com/SeleniumHQ/selenium
nacos,alibaba,31012,78,2018-06-15T06:49:27Z,https://github.com/alibaba/nacos
WxJava,binarywang,30767,30,2016-01-06T08:24:05Z,https://github.com/binarywang/WxJava
spring-boot-examples,ityouknow,30406,0,2016-11-05T05:32:33Z,https://github.com/ityouknow/spring-boot-examples
ruoyi-vue-pro,YunaiV,29807,34,2021-01-24T03:18:25Z,https://github.com/YunaiV/ruoyi-vue-pro
kafka,apache,29698,0,2011-08-15T18:06:16Z,https://github.com/apache/kafka
hutool,chinabugotech,29641,149,2014-04-13T07:23:51Z,https://github.com/chinabugotech/hutool
apollo,apolloconfig,29383,41,2016-03-04T10:24:23Z,https://github.com/apolloconfig/apollo
canal,alibaba,28910,32,2013-01-13T10:59:52Z,https://github.com/alibaba/canal
SpringAll,wuyouzhuguli,28672,0,2018-05-02T02:48:44Z,https://github.com/wuyouzhuguli/SpringAll
xxl-job,xuxueli,28475,36,2015-11-28T12:59:34Z,https://github.com/xuxueli/xxl-job
spring-cloud-alibaba,alibaba,28312,47,2017-12-01T20:49:15Z,https://github.com/alibaba/spring-cloud-alibaba
druid,alibaba,28092,51,2011-11-03T05:12:51Z,https://github.com/alibaba/druid
vhr,lenve,27663,0,2018-01-04T08:57:51Z,https://github.com/lenve/vhr
JCSprout,crossoverJie,27108,0,2017-12-17T09:06:50Z,https://github.com/crossoverJie/JCSprout
miaosha,qiurunze123,26282,0,2018-09-14T04:36:24Z,https://github.com/qiurunze123/miaosha
keycloak,keycloak,26082,76,2013-07-02T13:38:51Z,https://github.com/keycloak/keycloak
Telegram,DrKLO,25928,95,2013-10-25T14:08:10Z,https://github.com/DrKLO/Telegram
fastjson,alibaba,25774,84,2011-11-03T06:58:52Z,https://github.com/alibaba/fastjson
incubator-seata,apache,25552,42,2018-12-28T08:37:22Z,https://github.com/apache/incubator-seata
butterknife,JakeWharton,25528,0,2013-03-05T08:18:59Z,https://github.com/JakeWharton/butterknife
toBeTopJavaer,hollischuang,25420,0,2018-10-25T09:54:54Z,https://github.com/hollischuang/toBeTopJavaer
SmartRefreshLayout,scwang90,25055,14,2017-06-02T09:52:50Z,https://github.com/scwang90/SmartRefreshLayout
proxyee-down,proxyee-down-org,24902,49,2017-10-25T10:07:27Z,https://github.com/proxyee-down-org/proxyee-down
EventBus,greenrobot,24742,7,2012-07-16T16:55:40Z,https://github.com/greenrobot/EventBus
flink,apache,24651,0,2014-06-07T07:00:10Z,https://github.com/apache/flink
Hystrix,Netflix,24270,79,2012-11-19T20:14:46Z,https://github.com/Netflix/Hystrix
skywalking,apache,24165,61,2015-11-07T03:30:36Z,https://github.com/apache/skywalking
libgdx,libgdx,23840,13,2012-08-10T19:34:38Z,https://github.com/libgdx/libgdx
bazel,bazelbuild,23800,190,2014-06-12T16:00:38Z,https://github.com/bazelbuild/bazel
jenkins,jenkinsci,23770,406,2010-11-22T21:21:23Z,https://github.com/jenkinsci/jenkins
redisson,redisson,23686,167,2014-01-11T14:06:25Z,https://github.com/redisson/redisson
gson,google,23622,9,2015-03-19T18:21:20Z,https://github.com/google/gson
Mindustry,Anuken,23489,160,2017-04-30T01:24:29Z,https://github.com/Anuken/Mindustry
openapi-generator,OpenAPITools,23151,70,2018-05-12T09:57:56Z,https://github.com/OpenAPITools/openapi-generator
Sentinel,alibaba,22631,25,2018-04-04T06:37:33Z,https://github.com/alibaba/Sentinel
source-code-hunter,doocs,22557,0,2019-10-28T01:35:10Z,https://github.com/doocs/source-code-hunter
FizzBuzzEnterpriseEdition,EnterpriseQualityCoding,22226,0,2012-11-24T00:14:41Z,https://github.com/EnterpriseQualityCoding/FizzBuzzEnterpriseEdition
SmartTube,yuliskov,21866,716,2020-07-28T12:53:52Z,https://github.com/yuliskov/SmartTube
ExoPlayer,google,21806,28,2014-06-13T21:19:18Z,https://github.com/google/ExoPlayer
awesome-system-design-resources,ashishps1,21696,0,2023-10-25T01:50:42Z,https://github.com/ashishps1/awesome-system-design-resources
rocketmq,apache,21627,21,2016-11-30T08:00:08Z,https://github.com/apache/rocketmq
eladmin,elunez,21553,1,2018-12-14T08:54:24Z,https://github.com/elunez/eladmin
Apktool,iBotPeaches,21549,25,2012-03-19T17:46:53Z,https://github.com/iBotPeaches/Apktool
Chat2DB,CodePhiliaX,21371,43,2023-06-20T14:05:26Z,https://github.com/CodePhiliaX/Chat2DB
graal,oracle,20715,32,2016-01-14T17:11:35Z,https://github.com/oracle/graal
jdk,openjdk,20645,0,2018-09-17T12:29:20Z,https://github.com/openjdk/jdk
GSYVideoPlayer,CarGuo,20596,48,2016-11-13T12:34:31Z,https://github.com/CarGuo/GSYVideoPlayer
conductor,conductor-oss,20391,19,2023-12-08T06:06:09Z,https://github.com/conductor-oss/conductor
HikariCP,brettwooldridge,20325,0,2013-10-08T05:43:03Z,https://github.com/brettwooldridge/HikariCP
DoKit,didi,20291,10,2018-08-14T10:32:07Z,https://github.com/didi/DoKit
shardingsphere,apache,20125,58,2016-01-18T12:49:26Z,https://github.com/apache/shardingsphere
mybatis-3,mybatis,20006,46,2013-02-14T19:03:32Z,https://github.com/mybatis/mybatis-3
RxAndroid,ReactiveX,19865,20,2014-08-19T03:46:38Z,https://github.com/ReactiveX/RxAndroid
dataease,dataease,19663,91,2021-02-02T04:10:21Z,https://github.com/dataease/dataease
litemall,linlinjava,19551,8,2018-03-22T16:42:30Z,https://github.com/linlinjava/litemall
LSPosed,LSPosed,19501,39,2020-12-12T08:39:37Z,https://github.com/LSPosed/LSPosed
SpringBoot-Labs,yudaocode,19474,0,2018-09-12T14:51:46Z,https://github.com/yudaocode/SpringBoot-Labs
PhotoView,Baseflow,18833,5,2012-07-17T16:39:00Z,https://github.com/Baseflow/PhotoView
cat,dianping,18815,3,2012-12-05T02:31:48Z,https://github.com/dianping/cat
DSA-Bootcamp-Java,kunal-kushwaha,18594,0,2021-07-30T12:23:25Z,https://github.com/kunal-kushwaha/DSA-Bootcamp-Java
thingsboard,thingsboard,18475,65,2016-12-01T09:33:30Z,https://github.com/thingsboard/thingsboard
SpringCloudLearning,forezp,17923,0,2017-04-08T10:06:56Z,https://github.com/forezp/SpringCloudLearning
Algorithms,williamfiset,17764,0,2017-03-18T02:50:46Z,https://github.com/williamfiset/Algorithms
intellij-community,JetBrains,17758,0,2011-09-30T13:33:05Z,https://github.com/JetBrains/intellij-community
antlr4,antlr,17721,31,2010-02-04T01:36:28Z,https://github.com/antlr/antlr4
disruptor,LMAX-Exchange,17682,14,2012-09-21T13:42:24Z,https://github.com/LMAX-Exchange/disruptor
APIJSON,Tencent,17563,107,2016-11-21T12:03:29Z,https://github.com/Tencent/APIJSON
tinker,Tencent,17259,59,2016-09-06T06:57:52Z,https://github.com/Tencent/tinker
Sa-Token,dromara,17222,35,2020-02-03T10:34:29Z,https://github.com/dromara/Sa-Token
zipkin,openzipkin,17149,96,2012-06-06T18:26:16Z,https://github.com/openzipkin/zipkin
fresco,facebook,17100,55,2015-03-02T09:58:04Z,https://github.com/facebook/fresco
yudao-cloud,YunaiV,16918,20,2019-05-02T16:06:49Z,https://github.com/YunaiV/yudao-cloud
analysis-ik,infinilabs,16879,1,2011-12-16T09:01:45Z,https://github.com/infinilabs/analysis-ik
JustAuth,justauth,16809,46,2019-01-31T09:42:20Z,https://github.com/justauth/JustAuth
Android-Universal-Image-Loader,nostra13,16777,0,2011-11-27T18:48:23Z,https://github.com/nostra13/Android-Universal-Image-Loader
java8-tutorial,winterbe,16773,0,2014-03-16T17:25:43Z,https://github.com/winterbe/java8-tutorial
mybatis-plus,baomidou,16730,34,2016-08-18T10:06:53Z,https://github.com/baomidou/mybatis-plus
zheng,shuzheng,16708,0,2016-10-04T10:07:06Z,https://github.com/shuzheng/zheng
material-components-android,material-components,16621,102,2016-12-05T16:11:29Z,https://github.com/material-components/material-components-android
kestra,kestra-io,16541,204,2019-08-24T13:56:15Z,https://github.com/kestra-io/kestra
Grasscutter,Grasscutters,16473,20,2022-04-17T12:43:46Z,https://github.com/Grasscutters/Grasscutter
springboot-learning-example,JeffLi1993,16445,0,2017-02-06T07:02:25Z,https://github.com/JeffLi1993/springboot-learning-example
caffeine,ben-manes,16407,69,2014-12-13T08:45:11Z,https://github.com/ben-manes/caffeine
DataX,alibaba,16308,7,2018-01-18T10:09:47Z,https://github.com/alibaba/DataX
BigData-Notes,heibaiying,16279,0,2019-03-10T01:40:01Z,https://github.com/heibaiying/BigData-Notes
presto,prestodb,16274,0,2012-08-09T01:03:37Z,https://github.com/prestodb/presto
Ehviewer_CN_SXJ,xiaojieonly,16251,99,2020-11-09T06:14:31Z,https://github.com/xiaojieonly/Ehviewer_CN_SXJ
SpringBoot-Learning,dyc87112,15772,0,2016-08-21T03:39:06Z,https://github.com/dyc87112/SpringBoot-Learning
VirtualXposed,android-hacker,15628,50,2017-12-01T09:00:58Z,https://github.com/android-hacker/VirtualXposed
Android-CleanArchitecture,android10,15532,0,2014-08-19T14:09:26Z,https://github.com/android10/Android-CleanArchitecture
tech-interview-for-developer,gyoogle,15520,0,2019-06-09T04:42:57Z,https://github.com/gyoogle/tech-interview-for-developer
mockito,mockito,15082,219,2012-10-13T20:27:12Z,https://github.com/mockito/mockito
questdb,questdb,14998,85,2014-04-28T23:29:15Z,https://github.com/questdb/questdb
hadoop,apache,14996,0,2014-08-28T07:00:08Z,https://github.com/apache/hadoop
bytecode-viewer,Konloch,14909,60,2014-10-14T10:26:46Z,https://github.com/Konloch/bytecode-viewer
flink-learning,zhisheng17,14700,0,2019-01-01T07:38:28Z,https://github.com/zhisheng17/flink-learning
CircleImageView,hdodenhof,14545,0,2014-01-17T16:44:46Z,https://github.com/hdodenhof/CircleImageView
pulsar,apache,14506,102,2016-06-28T07:00:03Z,https://github.com/apache/pulsar
QMUI_Android,Tencent,14475,35,2017-04-21T10:03:18Z,https://github.com/Tencent/QMUI_Android
ARouter,alibaba,14473,16,2016-12-14T01:27:49Z,https://github.com/alibaba/ARouter
vert.x,eclipse-vertx,14437,0,2011-06-17T14:54:55Z,https://github.com/eclipse-vertx/vert.x
logstash,elastic,14390,174,2010-11-18T01:31:50Z,https://github.com/elastic/logstash
jd-gui,java-decompiler,14381,18,2015-03-25T05:28:41Z,https://github.com/java-decompiler/jd-gui
Arduino,arduino,14285,37,2010-09-17T19:10:36Z,https://github.com/arduino/Arduino
quarkus,quarkusio,14238,370,2018-07-06T00:44:20Z,https://github.com/quarkusio/quarkus
neo4j,neo4j,13990,72,2012-11-12T08:46:15Z,https://github.com/neo4j/neo4j
supertokens-core,supertokens,13966,83,2020-01-05T13:30:52Z,https://github.com/supertokens/supertokens-core
deeplearning4j,deeplearning4j,13875,0,2013-11-27T02:03:28Z,https://github.com/deeplearning4j/deeplearning4j
logger,orhanobut,13849,16,2015-03-20T22:30:12Z,https://github.com/orhanobut/logger
jib,GoogleContainerTools,13839,167,2018-01-22T18:30:43Z,https://github.com/GoogleContainerTools/jib
onedev,theonedev,13785,390,2018-11-06T02:57:01Z,https://github.com/theonedev/onedev
zuul,Netflix,13649,15,2013-03-13T18:53:57Z,https://github.com/Netflix/zuul
druid,apache,13642,66,2012-10-23T19:08:07Z,https://github.com/apache/druid
Luban,Curzibn,13629,6,2016-07-24T07:43:21Z,https://github.com/Curzibn/Luban
spring-analysis,seaswalker,13609,0,2016-09-09T07:46:32Z,https://github.com/seaswalker/spring-analysis
AndroidAutoSize,JessYanCoding,13593,14,2018-08-17T09:04:19Z,https://github.com/JessYanCoding/AndroidAutoSize
pinpoint,pinpoint-apm,13548,60,2014-10-20T09:27:22Z,https://github.com/pinpoint-apm/pinpoint
tink,tink-crypto,13524,21,2014-06-06T16:21:09Z,https://github.com/tink-crypto/tink
Material-Animations,lgvalle,13513,0,2015-03-08T20:54:00Z,https://github.com/lgvalle/Material-Animations
Android-PickerView,Bigkoo,13470,0,2014-12-28T01:46:38Z,https://github.com/Bigkoo/Android-PickerView
piggymetrics,sqshq,13424,2,2015-03-29T17:56:31Z,https://github.com/sqshq/piggymetrics
PictureSelector,LuckSiege,13408,116,2017-01-04T07:47:39Z,https://github.com/LuckSiege/PictureSelector
doris,apache,13359,64,2017-08-10T12:13:30Z,https://github.com/apache/doris
zaproxy,zaproxy,13355,10,2015-06-03T16:55:01Z,https://github.com/zaproxy/zaproxy
dolphinscheduler,apache,13338,52,2019-03-01T16:39:25Z,https://github.com/apache/dolphinscheduler
mit-deep-learning-book-pdf,janishar,13214,3,2017-04-07T10:46:50Z,https://github.com/janishar/mit-deep-learning-book-pdf
Java,DuGuQiuBai,13212,0,2015-11-25T07:30:08Z,https://github.com/DuGuQiuBai/Java
mall-learning,macrozheng,13093,0,2019-04-12T13:20:31Z,https://github.com/macrozheng/mall-learning
lombok,projectlombok,13068,0,2009-06-08T19:46:41Z,https://github.com/projectlombok/lombok
banner,youth5201314,12976,0,2016-04-22T05:50:25Z,https://github.com/youth5201314/banner
languagetool,languagetool-org,12913,0,2013-08-08T16:37:22Z,https://github.com/languagetool-org/languagetool
conductor,Netflix,12793,319,2016-12-07T22:48:42Z,https://github.com/Netflix/conductor
stetho,facebook,12694,13,2015-01-22T22:34:10Z,https://github.com/facebook/stetho
greenDAO,greenrobot,12625,8,2011-10-22T16:15:14Z,https://github.com/greenrobot/greenDAO
dex2jar,pxb1988,12594,8,2015-03-16T09:13:07Z,https://github.com/pxb1988/dex2jar
guice,google,12582,19,2014-05-28T23:18:53Z,https://github.com/google/guice
cryptomator,cryptomator,12561,184,2014-02-02T00:43:47Z,https://github.com/cryptomator/cryptomator
Matisse,zhihu,12548,15,2017-04-13T01:31:05Z,https://github.com/zhihu/Matisse
eureka,Netflix,12511,150,2012-07-26T22:23:07Z,https://github.com/Netflix/eureka
spring-boot-admin,codecentric,12508,131,2014-07-25T11:39:13Z,https://github.com/codecentric/spring-boot-admin
AndroidViewAnimations,daimajia,12452,9,2014-06-23T03:53:13Z,https://github.com/daimajia/AndroidViewAnimations
zookeeper,apache,12420,0,2009-03-27T15:41:56Z,https://github.com/apache/zookeeper
AndroidSwipeLayout,daimajia,12401,18,2014-08-25T04:09:33Z,https://github.com/daimajia/AndroidSwipeLayout
COLA,alibaba,12292,11,2018-02-06T13:46:27Z,https://github.com/alibaba/COLA
Mybatis-PageHelper,pagehelper,12282,14,2014-06-09T15:32:30Z,https://github.com/pagehelper/Mybatis-PageHelper
mall-swarm,macrozheng,12208,3,2019-11-25T06:55:31Z,https://github.com/macrozheng/mall-swarm
jedis,redis,11998,109,2010-06-11T13:04:43Z,https://github.com/redis/jedis
kkFileView,kekingcn,11968,16,2017-12-12T11:41:08Z,https://github.com/kekingcn/kkFileView
uCrop,Yalantis,11961,18,2016-01-05T13:41:06Z,https://github.com/Yalantis/uCrop
metersphere,metersphere,11907,175,2020-02-03T02:06:12Z,https://github.com/metersphere/metersphere
VasSonic,Tencent,11851,10,2017-08-01T08:35:13Z,https://github.com/Tencent/VasSonic
matrix,Tencent,11768,16,2018-12-11T07:08:02Z,https://github.com/Tencent/matrix
android-interview-questions,amitshekhariitbhu,11722,0,2017-07-09T18:47:24Z,https://github.com/amitshekhariitbhu/android-interview-questions
grpc-java,grpc,11649,176,2014-12-08T19:00:00Z,https://github.com/grpc/grpc-java
fullstack-tutorial,frank-lam,11629,0,2018-04-13T01:50:10Z,https://github.com/frank-lam/fullstack-tutorial
webmagic,code4craft,11521,33,2013-04-23T12:57:36Z,https://github.com/code4craft/webmagic
realm-java,realm,11485,0,2012-04-20T09:18:42Z,https://github.com/realm/realm-java
CtCI-6th-Edition,careercup,11402,0,2015-07-02T06:28:46Z,https://github.com/careercup/CtCI-6th-Edition
ImmersionBar,gyf-dev,11376,0,2017-04-19T05:10:09Z,https://github.com/gyf-dev/ImmersionBar
xManager,Team-xManager,11290,50,2021-02-08T11:31:10Z,https://github.com/Team-xManager/xManager
newbee-mall,newbee-ltd,11267,0,2019-09-21T03:56:04Z,https://github.com/newbee-ltd/newbee-mall
PermissionsDispatcher,permissions-dispatcher,11228,40,2015-08-15T21:41:05Z,https://github.com/permissions-dispatcher/PermissionsDispatcher
OpenRefine,OpenRefine,11210,68,2012-10-15T02:22:48Z,https://github.com/OpenRefine/OpenRefine
debezium,debezium,11205,0,2016-01-22T20:17:05Z,https://github.com/debezium/debezium
plantuml,plantuml,11158,53,2010-11-04T15:55:50Z,https://github.com/plantuml/plantuml
interview,mission-peace,11139,0,2014-07-20T21:27:31Z,https://github.com/mission-peace/interview
FlycoTabLayout,H07000223,11088,4,2015-11-09T01:53:19Z,https://github.com/H07000223/FlycoTabLayout
jsoup,jhy,11087,17,2009-12-19T01:29:58Z,https://github.com/jhy/jsoup
FileDownloader,lingochamp,11079,65,2015-12-22T11:17:16Z,https://github.com/lingochamp/FileDownloader
SlidingMenu,jfeinstein10,11061,0,2012-06-30T05:14:23Z,https://github.com/jfeinstein10/SlidingMenu
androidannotations,androidannotations,11044,0,2012-01-06T08:48:03Z,https://github.com/androidannotations/androidannotations
cas,apereo,11042,290,2011-09-09T01:36:42Z,https://github.com/apereo/cas
SmarterStreaming,daniulive,11023,0,2016-03-26T14:46:02Z,https://github.com/daniulive/SmarterStreaming
trino,trinodb,11014,0,2019-01-19T06:38:14Z,https://github.com/trinodb/trino
javapoet,square,10858,0,2013-02-01T16:56:30Z,https://github.com/square/javapoet
vlayout,alibaba,10790,34,2017-02-27T08:11:47Z,https://github.com/alibaba/vlayout
platform_frameworks_base,aosp-mirror,10707,0,2008-10-21T18:20:37Z,https://github.com/aosp-mirror/platform_frameworks_base
jvm,doocs,10664,0,2018-06-23T01:12:59Z,https://github.com/doocs/jvm
Paper,PaperMC,10650,0,2016-01-22T05:40:19Z,https://github.com/PaperMC/Paper
android-async-http,android-async-http,10632,3,2011-02-20T03:25:07Z,https://github.com/android-async-http/android-async-http
Java-WebSocket,TooTallNate,10624,19,2010-01-20T23:33:04Z,https://github.com/TooTallNate/Java-WebSocket
okhttp-OkGo,jeasonlzy,10610,14,2016-01-15T10:35:24Z,https://github.com/jeasonlzy/okhttp-OkGo
clojure,clojure,10577,0,2010-06-29T20:03:33Z,https://github.com/clojure/clojure
jjwt,jwtk,10544,7,2014-09-13T01:06:24Z,https://github.com/jwtk/jjwt
pkl,apple,10540,13,2024-01-19T17:28:45Z,https://github.com/apple/pkl
auto,google,10488,66,2013-05-22T21:41:56Z,https://github.com/google/auto
JiaoZiVideoPlayer,lipangit,10487,78,2016-02-06T11:04:24Z,https://github.com/lipangit/JiaoZiVideoPlayer
RxPermissions,tbruyelle,10483,11,2015-09-29T13:55:09Z,https://github.com/tbruyelle/RxPermissions
kafka-ui,provectus,10481,25,2019-11-26T15:55:55Z,https://github.com/provectus/kafka-ui
VirtualApp,asLody,10454,0,2016-07-06T13:25:23Z,https://github.com/asLody/VirtualApp
datahub,datahub-project,10435,96,2015-11-18T05:47:40Z,https://github.com/datahub-project/datahub
OpenSearch,opensearch-project,10385,53,2021-01-29T22:10:00Z,https://github.com/opensearch-project/OpenSearch
MVPArms,JessYanCoding,10283,25,2016-08-06T08:49:56Z,https://github.com/JessYanCoding/MVPArms
Activiti,Activiti,10270,1000,2012-09-13T11:34:43Z,https://github.com/Activiti/Activiti
ViewPagerIndicator,JakeWharton,10121,0,2011-08-04T17:13:44Z,https://github.com/JakeWharton/ViewPagerIndicator
resilience4j,resilience4j,10045,35,2015-06-03T09:21:01Z,https://github.com/resilience4j/resilience4j
lawnchair,LawnchairLauncher,9990,29,2017-03-03T13:12:58Z,https://github.com/LawnchairLauncher/lawnchair
Aegis,beemdevelopment,9973,69,2016-08-15T19:10:31Z,https://github.com/beemdevelopment/Aegis
zfile,zfile-dev,9932,61,2019-08-19T13:57:56Z,https://github.com/zfile-dev/zfile
glide-transformations,wasabeef,9919,0,2015-01-09T10:33:29Z,https://github.com/wasabeef/glide-transformations
aws-doc-sdk-examples,awsdocs,9891,0,2016-08-18T19:06:57Z,https://github.com/awsdocs/aws-doc-sdk-examples
easypermissions,googlesamples,9889,12,2015-12-22T18:05:53Z,https://github.com/googlesamples/easypermissions
paascloud-master,paascloud,9874,0,2018-03-17T05:40:43Z,https://github.com/paascloud/paascloud-master
spider-flow,ssssssss-team,9864,2,2020-03-27T11:07:15Z,https://github.com/ssssssss-team/spider-flow
CoreNLP,stanfordnlp,9823,17,2013-06-27T21:13:49Z,https://github.com/stanfordnlp/CoreNLP
JsBridge,uknownothingsnow,9823,0,2015-02-26T12:10:58Z,https://github.com/uknownothingsnow/JsBridge
MagicIndicator,hackware1993,9766,12,2016-06-26T08:20:43Z,https://github.com/hackware1993/MagicIndicator
xpipe,xpipe-io,9763,97,2023-01-27T02:25:38Z,https://github.com/xpipe-io/xpipe
AVLoadingIndicatorView,HarlonWang,9753,1,2015-10-24T20:18:33Z,https://github.com/HarlonWang/AVLoadingIndicatorView
Fragmentation,YoKeyword,9726,30,2016-02-23T08:54:55Z,https://github.com/YoKeyword/Fragmentation
starrocks,StarRocks,9703,134,2021-09-04T02:29:35Z,https://github.com/StarRocks/starrocks
spark,perwendel,9654,0,2011-05-05T11:52:05Z,https://github.com/perwendel/spark
Android-ObservableScrollView,ksoichiro,9651,0,2014-11-08T14:45:20Z,https://github.com/ksoichiro/Android-ObservableScrollView
react-native-camera,react-native-camera,9649,144,2015-04-01T00:54:40Z,https://github.com/react-native-camera/react-native-camera
spring-boot-api-project-seed,lihengming,9627,4,2017-06-23T10:06:30Z,https://github.com/lihengming/spring-boot-api-project-seed
feign,OpenFeign,9617,38,2013-06-26T23:28:16Z,https://github.com/OpenFeign/feign
android-Ultra-Pull-To-Refresh,liaohuqiu,9580,8,2014-11-13T03:13:10Z,https://github.com/liaohuqiu/android-Ultra-Pull-To-Refresh
GmsCore,microg,9578,38,2014-04-23T19:28:47Z,https://github.com/microg/GmsCore
android-gif-drawable,koral--,9578,61,2013-01-30T01:37:46Z,https://github.com/koral--/android-gif-drawable
DanmakuFlameMaster,bilibili,9568,5,2013-08-11T12:18:50Z,https://github.com/bilibili/DanmakuFlameMaster
Mycat-Server,MyCATApache,9547,7,2014-12-04T02:46:54Z,https://github.com/MyCATApache/Mycat-Server
AndroidSlidingUpPanel,umano,9510,8,2013-05-31T18:33:53Z,https://github.com/umano/AndroidSlidingUpPanel
Signal-Server,signalapp,9434,0,2013-12-09T07:10:36Z,https://github.com/signalapp/Signal-Server
sonarqube,SonarSource,9418,59,2011-01-05T11:05:17Z,https://github.com/SonarSource/sonarqube
PocketHub,pockethub,9388,1,2011-09-08T16:52:50Z,https://github.com/pockethub/PocketHub
cim,crossoverJie,9384,8,2018-05-20T15:55:56Z,https://github.com/crossoverJie/cim
AgentWeb,Justson,9304,21,2017-05-12T07:45:56Z,https://github.com/Justson/AgentWeb
spring-reading,xuchengsheng,9294,0,2023-09-15T06:42:44Z,https://github.com/xuchengsheng/spring-reading
testing-samples,android,9245,0,2014-10-11T03:51:27Z,https://github.com/android/testing-samples
AndroidNote,GcsSloop,9233,0,2016-01-04T23:51:36Z,https://github.com/GcsSloop/AndroidNote
CalendarView,huanghaibin-dev,9222,1,2017-03-11T07:16:09Z,https://github.com/huanghaibin-dev/CalendarView
cassandra,apache,9096,0,2009-05-21T02:10:09Z,https://github.com/apache/cassandra
android-gpuimage,cats-oss,9071,0,2012-10-04T08:11:58Z,https://github.com/cats-oss/android-gpuimage
JsonPath,json-path,9068,10,2011-01-24T13:19:19Z,https://github.com/json-path/JsonPath
spring-security,spring-projects,9029,213,2012-01-10T21:50:57Z,https://github.com/spring-projects/spring-security
VirtualAPK,didi,9017,4,2017-06-29T07:25:05Z,https://github.com/didi/VirtualAPK
MaterialDesignLibrary,navasmdc,8983,3,2014-09-30T07:37:17Z,https://github.com/navasmdc/MaterialDesignLibrary
awesome-leetcode-resources,ashishps1,8968,0,2023-10-25T01:48:19Z,https://github.com/ashishps1/awesome-leetcode-resources
EhViewer,seven332,8966,97,2014-05-14T12:03:52Z,https://github.com/seven332/EhViewer
Jetpack-MVVM-Best-Practice,KunMinX,8910,0,2019-10-31T05:21:01Z,https://github.com/KunMinX/Jetpack-MVVM-Best-Practice
storm,nathanmarz,8821,0,2011-09-17T07:55:13Z,https://github.com/nathanmarz/storm
StatusBarUtil,laobie,8806,0,2016-02-15T03:06:06Z,https://github.com/laobie/StatusBarUtil
Android_Data,Freelander,8771,0,2015-04-04T01:37:44Z,https://github.com/Freelander/Android_Data
awesome-java-leetcode,Blankj,8709,0,2017-04-17T15:51:41Z,https://github.com/Blankj/awesome-java-leetcode
Android-PullToRefresh,chrisbanes,8701,0,2011-11-29T09:59:56Z,https://github.com/chrisbanes/Android-PullToRefresh
Android-SpinKit,ybq,8650,0,2016-03-20T08:40:51Z,https://github.com/ybq/Android-SpinKit
jna,java-native-access,8650,0,2011-04-29T13:30:29Z,https://github.com/java-native-access/jna
jmeter,apache,8649,10,2010-05-26T23:38:07Z,https://github.com/apache/jmeter
flyway,flyway,8619,245,2012-12-14T18:43:22Z,https://github.com/flyway/flyway
AndResGuard,shwenzhang,8584,4,2015-10-11T11:48:06Z,https://github.com/shwenzhang/AndResGuard
Calligraphy,chrisjenx,8583,4,2013-12-20T02:35:45Z,https://github.com/chrisjenx/Calligraphy
buck,facebook,8557,57,2013-04-17T18:12:18Z,https://github.com/facebook/buck
shenyu,apache,8554,11,2018-07-11T08:17:45Z,https://github.com/apache/shenyu
epoxy,airbnb,8537,76,2016-08-08T23:05:11Z,https://github.com/airbnb/epoxy
junit4,junit-team,8530,13,2009-01-13T03:41:26Z,https://github.com/junit-team/junit4
react-native-image-picker,react-native-image-picker,8527,141,2015-06-08T20:25:31Z,https://github.com/react-native-image-picker/react-native-image-picker
dropwizard,dropwizard,8524,176,2011-01-19T19:52:29Z,https://github.com/dropwizard/dropwizard
checkstyle,checkstyle,8519,159,2013-08-31T02:05:05Z,https://github.com/checkstyle/checkstyle
karate,karatelabs,8495,54,2017-02-07T15:59:17Z,https://github.com/karatelabs/karate
Android-Debug-Database,amitshekhariitbhu,8464,14,2016-11-16T14:20:24Z,https://github.com/amitshekhariitbhu/Android-Debug-Database
BottomBar,roughike,8407,4,2016-03-16T01:31:05Z,https://github.com/roughike/BottomBar
hsweb-framework,hs-web,8365,28,2016-01-18T03:51:39Z,https://github.com/hs-web/hsweb-framework
seatunnel,apache,8360,49,2017-08-05T09:14:47Z,https://github.com/apache/seatunnel
tsunami-security-scanner,google,8358,25,2020-06-03T16:20:00Z,https://github.com/google/tsunami-security-scanner
flowable-engine,flowable,8302,27,2016-10-13T07:21:43Z,https://github.com/flowable/flowable-engine
AndroidPdfViewer,DImuthuUpe,8265,0,2016-06-02T20:21:21Z,https://github.com/DImuthuUpe/AndroidPdfViewer
shardingsphere-elasticjob,apache,8174,30,2015-09-11T11:28:52Z,https://github.com/apache/shardingsphere-elasticjob
testcontainers-java,testcontainers,8161,81,2015-04-12T12:44:59Z,https://github.com/testcontainers/testcontainers-java
atlas,alibaba,8140,7,2017-02-28T06:31:43Z,https://github.com/alibaba/atlas
MaterialViewPager,florent37,8120,11,2015-04-24T17:53:15Z,https://github.com/florent37/MaterialViewPager
LitePal,guolindev,8108,0,2013-02-20T03:20:07Z,https://github.com/guolindev/LitePal
im-server,wildfirechat,8104,103,2019-01-23T15:21:28Z,https://github.com/wildfirechat/im-server
otter,alibaba,8093,10,2013-08-09T09:31:22Z,https://github.com/alibaba/otter
beam,apache,8044,48,2016-02-02T08:00:06Z,https://github.com/apache/beam
ysoserial,frohoff,8043,1,2015-01-28T07:13:55Z,https://github.com/frohoff/ysoserial
SimianArmy,Netflix,7982,4,2012-07-06T22:00:05Z,https://github.com/Netflix/SimianArmy
subsampling-scale-image-view,davemorrissey,7940,21,2013-08-26T16:45:25Z,https://github.com/davemorrissey/subsampling-scale-image-view
hugo,JakeWharton,7923,0,2013-11-25T09:16:40Z,https://github.com/JakeWharton/hugo
pentaho-kettle,pentaho,7922,1,2013-10-08T18:27:11Z,https://github.com/pentaho/pentaho-kettle
transmittable-thread-local,alibaba,7881,58,2013-10-13T08:48:33Z,https://github.com/alibaba/transmittable-thread-local
UltimateAndroidReference,aritraroy,7870,0,2017-04-10T07:28:27Z,https://github.com/aritraroy/UltimateAndroidReference
XPopup,junixapp,7860,221,2018-12-07T06:16:48Z,https://github.com/junixapp/XPopup
HomeMirror,HannahMitt,7852,0,2015-08-23T03:20:08Z,https://github.com/HannahMitt/HomeMirror
metrics,dropwizard,7843,125,2010-02-26T19:44:42Z,https://github.com/dropwizard/metrics
LSPatch,LSPosed,7806,9,2021-03-01T19:38:36Z,https://github.com/LSPosed/LSPatch
material-theme-jetbrains,ChrisRM,7805,17,2015-09-23T07:15:04Z,https://github.com/ChrisRM/material-theme-jetbrains
tomcat,apache,7756,0,2011-10-01T07:00:19Z,https://github.com/apache/tomcat
javacv,bytedeco,7721,12,2014-04-21T13:50:26Z,https://github.com/bytedeco/javacv
RxLifecycle,trello-archive,7704,22,2015-07-20T13:32:23Z,https://github.com/trello-archive/RxLifecycle
react-native-svg,software-mansion,7668,121,2016-01-17T14:29:21Z,https://github.com/software-mansion/react-native-svg
vjtools,vipshop,7650,9,2018-05-29T09:07:08Z,https://github.com/vipshop/vjtools
MVVMHabit,goldze,7644,3,2017-07-21T10:38:40Z,https://github.com/goldze/MVVMHabit
aeron,aeron-io,7636,116,2014-02-07T17:16:58Z,https://github.com/aeron-io/aeron
graylog2-server,Graylog2,7601,0,2010-05-17T21:27:02Z,https://github.com/Graylog2/graylog2-server
baritone,cabaletta,7595,78,2018-08-01T15:34:21Z,https://github.com/cabaletta/baritone
MyBookshelf,gedoor,7592,165,2018-06-12T03:48:07Z,https://github.com/gedoor/MyBookshelf
android-classyshark,google,7562,17,2015-10-12T13:40:48Z,https://github.com/google/android-classyshark
Shadow,Tencent,7554,5,2019-06-13T10:50:27Z,https://github.com/Tencent/Shadow
RxJava-Android-Samples,kaushikgopal,7538,0,2014-07-23T05:13:52Z,https://github.com/kaushikgopal/RxJava-Android-Samples
AndroidAsync,koush,7537,0,2012-08-24T07:27:04Z,https://github.com/koush/AndroidAsync
PojavLauncher,PojavLauncherTeam,7512,126,2020-03-11T03:22:54Z,https://github.com/PojavLauncherTeam/PojavLauncher
closure-compiler,google,7486,0,2014-04-16T15:30:36Z,https://github.com/google/closure-compiler
algs4,kevin-wayne,7469,0,2015-08-31T09:28:49Z,https://github.com/kevin-wayne/algs4
SDE-Interview-Questions,twowaits,7449,1,2017-10-25T11:08:52Z,https://github.com/twowaits/SDE-Interview-Questions
hellocharts-android,lecho,7443,14,2014-10-12T09:12:37Z,https://github.com/lecho/hellocharts-android
LeetCode,yuanguangxin,7419,0,2020-01-11T01:02:02Z,https://github.com/yuanguangxin/LeetCode
swagger-core,swagger-api,7418,112,2011-07-05T23:44:11Z,https://github.com/swagger-api/swagger-core
PowerJob,PowerJob,7388,50,2020-03-16T09:19:55Z,https://github.com/PowerJob/PowerJob
SpringCloud-Learning,dyc87112,7376,0,2016-08-21T03:39:52Z,https://github.com/dyc87112/SpringCloud-Learning
HMCL,HMCL-dev,7372,234,2015-06-22T08:06:03Z,https://github.com/HMCL-dev/HMCL
VBlog,lenve,7367,0,2017-12-26T11:01:55Z,https://github.com/lenve/VBlog
Mapper,abel533,7366,8,2014-11-21T11:02:10Z,https://github.com/abel533/Mapper
ShortcutBadger,leolin310148,7351,0,2013-11-15T12:51:52Z,https://github.com/leolin310148/ShortcutBadger
RePlugin,Qihoo360,7308,19,2017-06-08T09:39:09Z,https://github.com/Qihoo360/RePlugin
dagger,square,7305,0,2012-08-02T23:25:32Z,https://github.com/square/dagger
Android-Bootstrap,Bearded-Hen,7277,5,2013-11-01T15:36:17Z,https://github.com/Bearded-Hen/Android-Bootstrap
mapstruct,mapstruct,7277,35,2012-05-28T12:42:42Z,https://github.com/mapstruct/mapstruct
sweet-alert-dialog,pedant,7257,2,2014-10-19T09:24:09Z,https://github.com/pedant/sweet-alert-dialog
TakePhoto,crazycodeboy,7243,15,2015-08-04T02:05:32Z,https://github.com/crazycodeboy/TakePhoto
UltimateRecyclerView,cymcsg,7211,9,2015-01-28T02:27:45Z,https://github.com/cymcsg/UltimateRecyclerView
WeChatLuckyMoney,geeeeeeeeek,7208,20,2015-09-30T16:11:20Z,https://github.com/geeeeeeeeek/WeChatLuckyMoney
xmall,Exrick,7204,0,2017-07-28T01:49:49Z,https://github.com/Exrick/xmall
gocd,gocd,7202,84,2013-12-13T05:26:16Z,https://github.com/gocd/gocd
agera,google,7180,16,2015-12-17T13:22:58Z,https://github.com/google/agera
SmartTabLayout,ogaclejapan,7092,0,2015-02-14T11:25:51Z,https://github.com/ogaclejapan/SmartTabLayout
MinecraftForge,MinecraftForge,7090,0,2012-01-30T01:35:01Z,https://github.com/MinecraftForge/MinecraftForge
ActionBarSherlock,JakeWharton,7085,32,2011-03-07T17:28:54Z,https://github.com/JakeWharton/ActionBarSherlock
LeetCode-Book,krahets,7082,0,2021-12-17T14:16:02Z,https://github.com/krahets/LeetCode-Book
iceberg,apache,7060,27,2018-11-19T16:26:46Z,https://github.com/apache/iceberg
KnowStreaming,didi,7054,23,2020-03-19T05:13:51Z,https://github.com/didi/KnowStreaming
nanohttpd,NanoHttpd,7048,3,2012-08-10T21:52:42Z,https://github.com/NanoHttpd/nanohttpd
Timber,naman14,7033,5,2015-06-12T16:43:55Z,https://github.com/naman14/Timber
elasticsearch-sql,NLPchina,7008,261,2014-08-24T14:26:31Z,https://github.com/NLPchina/elasticsearch-sql
alluxio,Alluxio,6958,61,2012-12-21T17:43:46Z,https://github.com/Alluxio/alluxio
error-prone,google,6947,53,2014-08-21T23:26:50Z,https://github.com/google/error-prone
rest-assured,rest-assured,6933,0,2010-10-21T08:35:43Z,https://github.com/rest-assured/rest-assured
DroidPlugin,DroidPluginTeam,6920,2,2015-08-27T11:14:57Z,https://github.com/DroidPluginTeam/DroidPlugin
netty-socketio,mrniko,6914,19,2012-01-12T11:43:49Z,https://github.com/mrniko/netty-socketio
okhttputils,hongyangAndroid,6870,0,2015-08-17T14:53:29Z,https://github.com/hongyangAndroid/okhttputils
jimureport,jeecgboot,6867,25,2019-12-05T12:25:59Z,https://github.com/jeecgboot/jimureport
jvm-sandbox,alibaba,6861,13,2017-08-03T02:55:31Z,https://github.com/alibaba/jvm-sandbox
JavaTutorial,h2pl,6861,1,2018-05-01T15:57:21Z,https://github.com/h2pl/JavaTutorial
1brc,gunnarmorling,6829,0,2023-12-28T09:13:24Z,https://github.com/gunnarmorling/1brc
walle,Meituan-Dianping,6813,1,2017-01-10T03:39:25Z,https://github.com/Meituan-Dianping/walle
DependencyCheck,dependency-check,6809,82,2012-09-03T20:43:30Z,https://github.com/dependency-check/DependencyCheck
AntennaPod,AntennaPod,6794,60,2012-07-31T10:25:08Z,https://github.com/AntennaPod/AntennaPod
react-native-push-notification,zo0r,6777,35,2015-12-14T19:53:36Z,https://github.com/zo0r/react-native-push-notification
angel,Angel-ML,6752,19,2017-04-25T05:57:43Z,https://github.com/Angel-ML/angel
rabbitmq-tutorials,rabbitmq,6730,0,2010-09-21T11:41:26Z,https://github.com/rabbitmq/rabbitmq-tutorials
mybatis-generator-gui,zouzg,6699,16,2016-05-08T22:39:39Z,https://github.com/zouzg/mybatis-generator-gui
AndroidPerformanceMonitor,markzhai,6698,0,2016-01-17T05:23:22Z,https://github.com/markzhai/AndroidPerformanceMonitor
AndroidAutoLayout,hongyangAndroid,6676,0,2015-11-19T02:09:11Z,https://github.com/hongyangAndroid/AndroidAutoLayout
haven,guardianproject,6672,37,2017-03-01T03:20:03Z,https://github.com/guardianproject/haven
gnirehtet,Genymobile,6666,12,2017-02-09T16:01:13Z,https://github.com/Genymobile/gnirehtet
springcloud-learning,macrozheng,6648,0,2019-09-07T02:36:16Z,https://github.com/macrozheng/springcloud-learning
BookReader,smuyyh,6646,0,2016-08-03T05:17:27Z,https://github.com/smuyyh/BookReader
wiremock,wiremock,6639,49,2011-10-09T20:27:24Z,https://github.com/wiremock/wiremock
AndPermission,yanzhenjie,6633,0,2016-09-11T05:17:34Z,https://github.com/yanzhenjie/AndPermission
springBoot,527515025,6629,0,2016-11-07T02:13:31Z,https://github.com/527515025/springBoot
storm,apache,6615,3,2013-11-05T08:00:14Z,https://github.com/apache/storm
AndroidPicker,gzu-liyujiang,6600,57,2015-10-21T14:21:16Z,https://github.com/gzu-liyujiang/AndroidPicker
Toasty,GrenderG,6589,19,2017-01-18T18:52:41Z,https://github.com/GrenderG/Toasty
AndroidProject,getActivity,6588,17,2018-10-23T10:30:55Z,https://github.com/getActivity/AndroidProject
itstack-demo-design,fuzhengwei,6569,0,2020-05-20T13:45:30Z,https://github.com/fuzhengwei/itstack-demo-design
GoGoGo,ZCShou,6562,7,2021-12-03T06:59:39Z,https://github.com/ZCShou/GoGoGo
junit5,junit-team,6552,83,2015-01-11T19:06:10Z,https://github.com/junit-team/junit5
Leaf,Meituan-Dianping,6550,0,2018-12-11T07:41:35Z,https://github.com/Meituan-Dianping/Leaf
langchain4j,langchain4j,6537,43,2023-06-20T15:30:29Z,https://github.com/langchain4j/langchain4j
ansj_seg,NLPchina,6519,3,2012-09-05T05:56:24Z,https://github.com/NLPchina/ansj_seg
processing,processing,6502,48,2013-01-24T21:17:22Z,https://github.com/processing/processing
zeppelin,apache,6471,0,2015-03-25T07:00:06Z,https://github.com/apache/zeppelin
Android-skin-support,ximsfei,6463,0,2017-01-12T15:03:54Z,https://github.com/ximsfei/Android-skin-support
byte-buddy,raphw,6441,300,2013-11-25T19:38:03Z,https://github.com/raphw/byte-buddy
quartz,quartz-scheduler,6440,5,2016-03-07T14:05:37Z,https://github.com/quartz-scheduler/quartz
RoundedImageView,vinc3m1,6432,19,2013-02-22T01:17:37Z,https://github.com/vinc3m1/RoundedImageView
Android-Image-Cropper,ArthurHub,6423,32,2015-01-15T10:49:37Z,https://github.com/ArthurHub/Android-Image-Cropper
smali,JesusFreke,6416,0,2012-09-23T19:51:16Z,https://github.com/JesusFreke/smali
Spring-Cloud-Platform,wxiaoqi,6400,3,2017-05-25T10:35:26Z,https://github.com/wxiaoqi/Spring-Cloud-Platform
java-eight-part,CoderLeixiaoshuai,6395,0,2020-10-16T16:27:04Z,https://github.com/CoderLeixiaoshuai/java-eight-part
android-floating-action-button,zendesk,6379,0,2014-09-19T06:49:21Z,https://github.com/zendesk/android-floating-action-button
jOOQ,jOOQ,6338,90,2011-04-17T10:43:33Z,https://github.com/jOOQ/jOOQ
async-http-client,AsyncHttpClient,6325,5,2011-03-07T13:41:46Z,https://github.com/AsyncHttpClient/async-http-client
JFoenix,sshahine,6315,0,2015-09-08T14:04:24Z,https://github.com/sshahine/JFoenix
remusic,aa112901,6295,0,2016-03-24T06:20:39Z,https://github.com/aa112901/remusic
Recaf,Col-E,6289,169,2017-07-27T06:01:10Z,https://github.com/Col-E/Recaf
richeditor-android,wasabeef,6289,0,2015-03-30T16:19:20Z,https://github.com/wasabeef/richeditor-android
ion,koush,6282,0,2013-05-22T07:41:23Z,https://github.com/koush/ion
jsonschema2pojo,joelittlejohn,6277,63,2013-06-22T22:28:53Z,https://github.com/joelittlejohn/jsonschema2pojo
hazelcast,hazelcast,6270,200,2012-03-21T12:25:18Z,https://github.com/hazelcast/hazelcast
from-java-to-kotlin,amitshekhariitbhu,6257,0,2017-05-21T11:56:27Z,https://github.com/amitshekhariitbhu/from-java-to-kotlin
config,lightbend,6222,1,2011-12-06T08:02:29Z,https://github.com/lightbend/config
spring-cloud-examples,ityouknow,6217,0,2017-04-28T08:48:53Z,https://github.com/ityouknow/spring-cloud-examples
pig,pig-mesh,6195,19,2019-08-26T03:24:53Z,https://github.com/pig-mesh/pig
micronaut-core,micronaut-projects,6189,279,2018-03-07T12:05:08Z,https://github.com/micronaut-projects/micronaut-core
CompreFace,exadel-inc,6177,11,2020-07-06T08:29:43Z,https://github.com/exadel-inc/CompreFace
graphql-java,graphql-java,6164,82,2015-07-06T06:52:20Z,https://github.com/graphql-java/graphql-java
smile,haifengl,6143,32,2014-11-20T16:28:12Z,https://github.com/haifengl/smile
SwipeBackLayout,ikew0ng,6121,0,2013-08-25T03:36:12Z,https://github.com/ikew0ng/SwipeBackLayout
hibernate-orm,hibernate,6116,66,2010-10-04T16:15:52Z,https://github.com/hibernate/hibernate-orm
grafika,google,6116,1,2013-12-19T18:36:53Z,https://github.com/google/grafika
MaterialEditText,rengwuxian,6103,19,2014-10-30T10:07:23Z,https://github.com/rengwuxian/MaterialEditText
NumberProgressBar,daimajia,6093,3,2014-05-01T08:54:25Z,https://github.com/daimajia/NumberProgressBar
hertzbeat,apache,6079,22,2022-02-04T14:48:56Z,https://github.com/apache/hertzbeat
vespa,vespa-engine,6065,206,2016-06-03T20:54:20Z,https://github.com/vespa-engine/vespa
gephi,gephi,6058,19,2011-10-22T03:14:46Z,https://github.com/gephi/gephi
EffectiveAndroidUI,pedrovgs,6024,0,2014-07-04T08:42:20Z,https://github.com/pedrovgs/EffectiveAndroidUI
dynamic-load-apk,singwhatiwanna,6020,0,2014-03-30T11:51:00Z,https://github.com/singwhatiwanna/dynamic-load-apk
XXPermissions,getActivity,6018,63,2018-06-15T14:31:29Z,https://github.com/getActivity/XXPermissions
j2objc,google,6008,0,2014-01-30T20:19:56Z,https://github.com/google/j2objc
flink-cdc,apache,6003,21,2020-07-27T19:23:33Z,https://github.com/apache/flink-cdc
material,rey5137,5998,10,2014-12-09T12:07:32Z,https://github.com/rey5137/material
java-jwt,auth0,5995,45,2014-03-07T15:06:11Z,https://github.com/auth0/java-jwt
physical-web,google,5988,17,2014-09-30T18:32:14Z,https://github.com/google/physical-web
xUtils3,wyouflf,5980,9,2015-10-28T10:56:04Z,https://github.com/wyouflf/xUtils3
incubator-kie-drools,apache,5975,5,2011-02-18T08:37:05Z,https://github.com/apache/incubator-kie-drools
useful-java-links,Vedenin,5964,0,2016-02-13T13:14:52Z,https://github.com/Vedenin/useful-java-links
ssm,liyifeng1994,5951,0,2016-06-18T17:58:56Z,https://github.com/liyifeng1994/ssm
robolectric,robolectric,5941,105,2010-08-28T00:28:25Z,https://github.com/robolectric/robolectric
springfox,springfox,5938,12,2012-05-06T06:38:57Z,https://github.com/springfox/springfox
androidmvp,antoniolg,5926,0,2014-04-02T05:42:20Z,https://github.com/antoniolg/androidmvp
material-calendarview,prolificinteractive,5921,22,2015-02-09T22:31:56Z,https://github.com/prolificinteractive/material-calendarview
SoloPi,alipay,5906,8,2019-03-14T15:32:49Z,https://github.com/alipay/SoloPi
mini-spring,DerekYRC,5901,0,2020-11-17T11:59:18Z,https://github.com/DerekYRC/mini-spring
SpringBootVulExploit,LandGrey,5889,0,2020-05-20T09:18:44Z,https://github.com/LandGrey/SpringBootVulExploit
motan,weibocom,5886,26,2016-04-20T10:56:17Z,https://github.com/weibocom/motan
btrace,btraceio,5871,33,2014-08-28T18:58:24Z,https://github.com/btraceio/btrace
vavr,vavr-io,5868,18,2014-01-30T14:07:25Z,https://github.com/vavr-io/vavr
blade,lets-blade,5861,9,2015-06-10T03:35:49Z,https://github.com/lets-blade/blade
zxing-android-embedded,journeyapps,5826,9,2012-11-28T16:36:39Z,https://github.com/journeyapps/zxing-android-embedded
jetlinks-community,jetlinks,5826,19,2020-01-02T07:27:34Z,https://github.com/jetlinks/jetlinks-community
BoomMenu,Nightonke,5803,0,2016-03-19T12:04:12Z,https://github.com/Nightonke/BoomMenu
DiscreteScrollView,yarolegovich,5788,2,2017-03-03T23:38:54Z,https://github.com/yarolegovich/DiscreteScrollView
tcc-transaction,changmingxie,5787,8,2015-12-05T04:27:53Z,https://github.com/changmingxie/tcc-transaction
DiskLruCache,JakeWharton,5786,0,2012-01-05T00:36:34Z,https://github.com/JakeWharton/DiskLruCache
circular-progress-button,dmytrodanylyk,5768,3,2014-06-07T12:58:48Z,https://github.com/dmytrodanylyk/circular-progress-button
camel,apache,5768,0,2009-05-21T00:25:36Z,https://github.com/apache/camel
Fast-Android-Networking,amitshekhariitbhu,5765,10,2016-03-21T18:35:44Z,https://github.com/amitshekhariitbhu/Fast-Android-Networking
kafdrop,obsidiandynamics,5764,49,2019-05-27T08:46:56Z,https://github.com/obsidiandynamics/kafdrop
InfiniteCycleViewPager,Devlight,5736,2,2016-08-22T08:04:39Z,https://github.com/Devlight/InfiniteCycleViewPager
google-java-format,google,5734,32,2015-05-11T20:38:28Z,https://github.com/google/google-java-format
lanproxy,ffay,5725,1,2016-11-20T08:12:10Z,https://github.com/ffay/lanproxy
datax-web,WeiYe-Jing,5725,5,2019-11-19T01:09:05Z,https://github.com/WeiYe-Jing/datax-web
wvp-GB28181-pro,648540858,5720,0,2020-11-14T14:16:37Z,https://github.com/648540858/wvp-GB28181-pro
javaparser,javaparser,5718,53,2011-10-30T14:03:44Z,https://github.com/javaparser/javaparser
FastHub,k0shk0sh,5717,63,2017-02-18T17:53:16Z,https://github.com/k0shk0sh/FastHub
aurora-imui,jpush,5711,42,2016-12-13T05:24:01Z,https://github.com/jpush/aurora-imui
traccar,traccar,5710,55,2012-04-16T08:33:49Z,https://github.com/traccar/traccar
iotdb,apache,5710,39,2018-11-24T21:29:17Z,https://github.com/apache/iotdb
hippo4j,opengoofy,5707,18,2021-06-16T02:59:48Z,https://github.com/opengoofy/hippo4j
Discovery,Nepxion,5700,130,2018-06-21T16:16:49Z,https://github.com/Nepxion/Discovery
springside4,springside,5699,3,2012-02-23T08:39:03Z,https://github.com/springside/springside4
hudi,apache,5698,30,2016-12-14T15:53:41Z,https://github.com/apache/hudi
QR-Code-generator,nayuki,5688,5,2016-04-15T02:19:41Z,https://github.com/nayuki/QR-Code-generator
SwipeRecyclerView,yanzhenjie,5682,0,2016-08-03T15:43:34Z,https://github.com/yanzhenjie/SwipeRecyclerView
pinot,apache,5681,20,2014-05-19T23:27:48Z,https://github.com/apache/pinot
graphhopper,graphhopper,5673,45,2012-02-18T19:57:38Z,https://github.com/graphhopper/graphhopper
u2020,JakeWharton,5672,0,2013-11-14T11:58:23Z,https://github.com/JakeWharton/u2020
hive,apache,5662,0,2009-05-21T02:31:01Z,https://github.com/apache/hive
TV,FongMi,5652,0,2022-06-22T09:10:23Z,https://github.com/FongMi/TV
austin,ZhongFuCheng3y,5651,0,2021-11-06T09:36:01Z,https://github.com/ZhongFuCheng3y/austin
api-samples,youtube,5646,0,2013-12-09T18:41:41Z,https://github.com/youtube/api-samples
IJPay,Javen205,5646,24,2017-05-02T03:15:32Z,https://github.com/Javen205/IJPay
react-native-splash-screen,crazycodeboy,5640,12,2016-09-14T10:43:55Z,https://github.com/crazycodeboy/react-native-splash-screen
HTextView,hanks-zyh,5639,0,2015-12-19T16:34:59Z,https://github.com/hanks-zyh/HTextView
Blurry,wasabeef,5631,0,2015-07-23T14:12:08Z,https://github.com/wasabeef/Blurry
AndroidImageSlider,daimajia,5624,5,2014-06-02T06:04:17Z,https://github.com/daimajia/AndroidImageSlider
JSqlParser,JSQLParser,5609,35,2011-06-23T22:51:52Z,https://github.com/JSQLParser/JSqlParser
FlowLayout,hongyangAndroid,5595,0,2015-08-28T09:32:31Z,https://github.com/hongyangAndroid/FlowLayout
ShowcaseView,amlcurran,5590,13,2012-08-14T19:07:36Z,https://github.com/amlcurran/ShowcaseView
lamp-cloud,dromara,5581,0,2018-01-17T02:51:04Z,https://github.com/dromara/lamp-cloud
AppManager,MuntashirAkon,5566,72,2020-05-30T04:08:56Z,https://github.com/MuntashirAkon/AppManager
Android-ZBLibrary,TommyLemon,5561,25,2015-08-20T16:03:53Z,https://github.com/TommyLemon/Android-ZBLibrary
MusicBot,jagrosh,5557,38,2016-08-14T18:46:29Z,https://github.com/jagrosh/MusicBot
disconf,knightliao,5553,12,2014-05-30T09:39:27Z,https://github.com/knightliao/disconf
ListViewAnimations,nhaarman,5550,14,2013-03-19T11:59:23Z,https://github.com/nhaarman/ListViewAnimations
lettuce,redis,5533,127,2014-05-10T13:08:46Z,https://github.com/redis/lettuce
EdXposed,ElderDrivers,5525,27,2019-01-18T16:18:19Z,https://github.com/ElderDrivers/EdXposed
spring-boot-projects,ZHENFENG13,5521,0,2017-04-01T01:50:14Z,https://github.com/ZHENFENG13/spring-boot-projects
logisim-evolution,logisim-evolution,5519,30,2014-09-19T05:23:24Z,https://github.com/logisim-evolution/logisim-evolution
uid-generator,baidu,5509,0,2017-03-27T04:03:43Z,https://github.com/baidu/uid-generator
AmazeFileManager,TeamAmaze,5502,66,2014-07-14T19:47:53Z,https://github.com/TeamAmaze/AmazeFileManager
StickyListHeaders,emilsjolander,5501,16,2012-03-11T18:29:18Z,https://github.com/emilsjolander/StickyListHeaders
mosby,sockeqwe,5480,15,2015-03-25T00:59:19Z,https://github.com/sockeqwe/mosby
freeline,alibaba,5472,22,2016-08-03T17:22:52Z,https://github.com/alibaba/freeline
MagicCamera,wuhaoyu1990,5472,0,2016-01-08T11:36:56Z,https://github.com/wuhaoyu1990/MagicCamera
AndroidVideoCache,danikula,5459,20,2015-04-01T11:25:52Z,https://github.com/danikula/AndroidVideoCache
barcodescanner,dm77,5453,6,2014-02-24T21:14:09Z,https://github.com/dm77/barcodescanner
scribejava,scribejava,5452,9,2010-09-05T19:11:40Z,https://github.com/scribejava/scribejava
janusgraph,JanusGraph,5447,28,2016-12-26T13:26:29Z,https://github.com/JanusGraph/janusgraph
TapTargetView,KeepSafe,5425,24,2016-09-11T09:07:36Z,https://github.com/KeepSafe/TapTargetView
rebound,facebookarchive,5422,10,2013-10-11T01:12:37Z,https://github.com/facebookarchive/rebound
linuxdeploy,meefik,5413,37,2012-08-21T04:49:14Z,https://github.com/meefik/linuxdeploy
wechat,motianhuo,5411,0,2015-05-25T02:33:37Z,https://github.com/motianhuo/wechat
dubbo-spring-boot-project,apache,5410,13,2018-01-18T12:10:50Z,https://github.com/apache/dubbo-spring-boot-project
jeepay,jeequan,5410,0,2017-08-12T02:40:32Z,https://github.com/jeequan/jeepay
FastBle,Jasonchenlijian,5382,9,2016-08-23T02:06:33Z,https://github.com/Jasonchenlijian/FastBle
android-job,Evernote,5370,31,2015-08-20T19:36:54Z,https://github.com/Evernote/android-job
socket.io-client-java,socketio,5368,7,2013-04-28T17:04:05Z,https://github.com/socketio/socket.io-client-java
SystemBarTint,jgilfelt,5360,3,2013-11-17T12:35:05Z,https://github.com/jgilfelt/SystemBarTint
cw-omnibus,commonsguy,5352,36,2012-03-12T14:12:06Z,https://github.com/commonsguy/cw-omnibus
shimmer-android,facebookarchive,5342,5,2015-02-27T22:25:22Z,https://github.com/facebookarchive/shimmer-android
XRecyclerView,XRecyclerView,5334,0,2015-11-18T08:14:22Z,https://github.com/XRecyclerView/XRecyclerView
android-advancedrecyclerview,h6ah4i,5326,1,2015-01-24T16:14:39Z,https://github.com/h6ah4i/android-advancedrecyclerview
hbase,apache,5309,45,2014-05-23T07:00:07Z,https://github.com/apache/hbase
generator,mybatis,5300,11,2013-02-10T11:14:50Z,https://github.com/mybatis/generator
jetcache,alibaba,5298,66,2017-04-12T07:48:23Z,https://github.com/alibaba/jetcache
gradle-retrolambda,evant,5291,37,2013-08-05T02:09:58Z,https://github.com/evant/gradle-retrolambda
spring-data-examples,spring-projects,5279,0,2014-01-30T15:42:43Z,https://github.com/spring-projects/spring-data-examples
android-lifecycle,xxv,5274,0,2014-04-18T14:26:22Z,https://github.com/xxv/android-lifecycle
VitamioBundle,yixia,5272,0,2012-10-19T08:40:49Z,https://github.com/yixia/VitamioBundle
groovy,apache,5265,0,2015-04-16T07:00:05Z,https://github.com/apache/groovy
google-authenticator,google,5259,0,2014-10-08T17:54:27Z,https://github.com/google/google-authenticator
Android-Touch-Helper,zfdang,5250,112,2020-10-16T00:58:41Z,https://github.com/zfdang/Android-Touch-Helper
Side-Menu.Android,Yalantis,5246,2,2015-01-13T11:11:27Z,https://github.com/Yalantis/Side-Menu.Android
titan,thinkaurelius,5242,0,2012-02-25T22:53:53Z,https://github.com/thinkaurelius/titan
thumbnailator,coobird,5238,0,2015-07-25T05:38:33Z,https://github.com/coobird/thumbnailator
twoway-view,lucasr,5230,0,2013-01-18T20:55:23Z,https://github.com/lucasr/twoway-view
Dexter,Karumi,5224,33,2015-11-17T13:14:43Z,https://github.com/Karumi/Dexter
Pixiv-Shaft,CeuiLiSA,5223,110,2019-04-01T09:59:09Z,https://github.com/CeuiLiSA/Pixiv-Shaft
FloatingActionButton,Clans,5215,14,2015-03-21T12:36:16Z,https://github.com/Clans/FloatingActionButton
okdownload,lingochamp,5215,8,2017-12-17T08:21:22Z,https://github.com/lingochamp/okdownload
BasePopup,razerdp,5214,15,2016-01-15T03:31:07Z,https://github.com/razerdp/BasePopup
novel,201206030,5211,12,2019-11-11T01:13:52Z,https://github.com/201206030/novel
springboot-guide,CodingDocs,5210,0,2018-11-28T01:05:07Z,https://github.com/CodingDocs/springboot-guide
web3j,LFDT-web3j,5198,118,2016-09-04T05:48:49Z,https://github.com/LFDT-web3j/web3j
smartTable,huangyanbin,5186,44,2017-11-08T01:11:14Z,https://github.com/huangyanbin/smartTable
nifi,apache,5181,0,2014-12-12T08:00:05Z,https://github.com/apache/nifi
library,ddd-by-examples,5178,0,2019-01-11T09:14:03Z,https://github.com/ddd-by-examples/library
JS-Sorting-Algorithm,hustcc,5171,0,2017-01-19T11:36:21Z,https://github.com/hustcc/JS-Sorting-Algorithm
otto,square,5153,0,2012-06-27T19:06:49Z,https://github.com/square/otto
strimzi-kafka-operator,strimzi,5152,146,2016-05-06T08:52:33Z,https://github.com/strimzi/strimzi-kafka-operator
ctci,careercup,5146,0,2013-03-21T23:01:01Z,https://github.com/careercup/ctci
DKVideoPlayer,Doikki,5135,32,2017-04-11T01:33:38Z,https://github.com/Doikki/DKVideoPlayer
views-widgets-samples,android,5110,0,2019-09-06T21:39:12Z,https://github.com/android/views-widgets-samples
dddsample-core,citerus,5103,0,2015-01-31T23:21:37Z,https://github.com/citerus/dddsample-core
shattered-pixel-dungeon,00-Evan,5087,50,2014-07-31T21:56:31Z,https://github.com/00-Evan/shattered-pixel-dungeon
usb-serial-for-android,mik3y,5080,33,2013-06-30T23:17:45Z,https://github.com/mik3y/usb-serial-for-android
keepass2android,PhilippC,5071,30,2017-09-20T18:42:02Z,https://github.com/PhilippC/keepass2android
bitcoinj,bitcoinj,5063,14,2013-11-19T04:33:23Z,https://github.com/bitcoinj/bitcoinj
reactor-core,reactor,5059,197,2015-11-10T10:06:40Z,https://github.com/reactor/reactor-core
Small,wequick,5053,25,2015-11-27T11:37:20Z,https://github.com/wequick/Small
picocli,remkop,5047,85,2017-02-01T16:38:41Z,https://github.com/remkop/picocli
Luyten,deathmarine,5037,17,2013-07-11T10:57:28Z,https://github.com/deathmarine/Luyten
sodium,CaffeineMC,5034,40,2020-02-01T03:04:09Z,https://github.com/CaffeineMC/sodium
opentsdb,OpenTSDB,5028,27,2010-08-27T02:05:20Z,https://github.com/OpenTSDB/opentsdb
CameraView,natario1,5021,42,2017-07-18T09:30:33Z,https://github.com/natario1/CameraView
MifareClassicTool,ikarus23,5015,8,2013-02-12T15:39:03Z,https://github.com/ikarus23/MifareClassicTool
android-common,Trinea,5014,1,2012-06-19T07:49:46Z,https://github.com/Trinea/android-common
YCSB,brianfrankcooper,5014,55,2010-04-19T20:52:11Z,https://github.com/brianfrankcooper/YCSB
sofa-boot,sofastack,5013,80,2018-04-02T08:28:14Z,https://github.com/sofastack/sofa-boot
android-zxingLibrary,yipianfengye,5012,0,2016-07-26T08:00:18Z,https://github.com/yipianfengye/android-zxingLibrary
pmd,pmd,5012,101,2012-07-11T18:03:00Z,https://github.com/pmd/pmd
easy-rules,j-easy,5011,10,2013-03-10T14:38:26Z,https://github.com/j-easy/easy-rules
GravitySnapHelper,rubensousa,5005,14,2016-08-31T07:25:23Z,https://github.com/rubensousa/GravitySnapHelper
shopping-management-system,zhanglei-workspace,4998,0,2015-11-16T12:53:21Z,https://github.com/zhanglei-workspace/shopping-management-system
UltraViewPager,alibaba,4997,10,2017-03-29T13:31:53Z,https://github.com/alibaba/UltraViewPager
dialogplus,orhanobut,4994,9,2014-12-12T09:24:44Z,https://github.com/orhanobut/dialogplus
QLExpress,alibaba,4987,10,2017-03-15T08:39:54Z,https://github.com/alibaba/QLExpress
TelegramBots,rubenlagus,4985,105,2016-01-14T00:13:07Z,https://github.com/rubenlagus/TelegramBots
LayoutManagerGroup,DingMouRen,4985,0,2018-04-28T11:47:38Z,https://github.com/DingMouRen/LayoutManagerGroup
joda-time,JodaOrg,4984,49,2011-05-16T16:49:57Z,https://github.com/JodaOrg/joda-time
JustTrustMe,Fuzion24,4983,1,2014-07-24T23:45:05Z,https://github.com/Fuzion24/JustTrustMe
spring-mvc-showcase,spring-attic,4983,0,2011-06-03T15:36:55Z,https://github.com/spring-attic/spring-mvc-showcase
InstaMaterial,frogermcs,4980,1,2014-11-10T18:56:49Z,https://github.com/frogermcs/InstaMaterial
midjourney-proxy,novicezk,4979,0,2023-04-24T13:43:45Z,https://github.com/novicezk/midjourney-proxy
XUI,xuexiangjys,4978,23,2019-01-07T07:59:02Z,https://github.com/xuexiangjys/XUI
lwjgl3,LWJGL,4973,21,2012-12-23T15:40:04Z,https://github.com/LWJGL/lwjgl3
CloudReader,youlookwhat,4964,25,2016-11-20T11:59:25Z,https://github.com/youlookwhat/CloudReader
mapdb,jankotek,4957,0,2012-08-17T15:28:54Z,https://github.com/jankotek/mapdb
liquibase,liquibase,4956,101,2011-07-08T20:08:20Z,https://github.com/liquibase/liquibase
spring-authorization-server,spring-projects,4954,69,2020-03-17T17:28:57Z,https://github.com/spring-projects/spring-authorization-server
RxJava2-Android-Samples,amitshekhariitbhu,4950,0,2016-08-27T08:21:37Z,https://github.com/amitshekhariitbhu/RxJava2-Android-Samples
NavigationTabBar,Devlight,4948,13,2016-03-29T08:59:27Z,https://github.com/Devlight/NavigationTabBar
gpmall,2227324689,4948,0,2019-07-18T14:09:22Z,https://github.com/2227324689/gpmall
runelite,runelite,4945,0,2016-04-30T20:48:02Z,https://github.com/runelite/runelite
OsmAnd,osmandapp,4943,1,2011-01-15T19:59:44Z,https://github.com/osmandapp/OsmAnd
megabasterd,tonikelope,4941,208,2016-09-29T16:54:54Z,https://github.com/tonikelope/megabasterd
xpay,Exrick,4938,0,2017-12-12T16:11:19Z,https://github.com/Exrick/xpay
Geyser,GeyserMC,4933,0,2019-07-08T17:23:17Z,https://github.com/GeyserMC/Geyser
RippleEffect,traex,4921,0,2014-10-14T13:32:51Z,https://github.com/traex/RippleEffect
react-native-linear-gradient,react-native-linear-gradient,4915,18,2015-03-31T17:44:40Z,https://github.com/react-native-linear-gradient/react-native-linear-gradient
folding-cell-android,Ramotion,4902,0,2016-04-01T11:38:47Z,https://github.com/Ramotion/folding-cell-android
spring-cloud-netflix,spring-cloud,4901,19,2014-07-11T15:46:12Z,https://github.com/spring-cloud/spring-cloud-netflix
ignite,apache,4897,0,2015-02-19T08:00:05Z,https://github.com/apache/ignite
Android-IMSI-Catcher-Detector,CellularPrivacy,4897,48,2013-11-23T10:04:14Z,https://github.com/CellularPrivacy/Android-IMSI-Catcher-Detector
oshi,oshi,4885,161,2012-02-10T12:46:48Z,https://github.com/oshi/oshi
armeria,line,4884,255,2015-11-16T04:04:01Z,https://github.com/line/armeria
DesignPattern,youlookwhat,4882,0,2016-10-21T10:59:32Z,https://github.com/youlookwhat/DesignPattern
roncoo-pay,roncoo,4880,0,2016-07-21T02:46:06Z,https://github.com/roncoo/roncoo-pay
react-native-config,lugg,4876,26,2016-02-23T00:19:11Z,https://github.com/lugg/react-native-config
wgcloud,tianshiyeben,4866,27,2019-01-15T02:02:21Z,https://github.com/tianshiyeben/wgcloud
dynamic-datasource,baomidou,4864,18,2018-04-28T02:32:16Z,https://github.com/baomidou/dynamic-datasource
sensitive-word,houbb,4863,2,2020-01-07T03:10:44Z,https://github.com/houbb/sensitive-word
typespec,microsoft,4843,146,2021-06-30T23:29:49Z,https://github.com/microsoft/typespec
QAuxiliary,cinit,4842,46,2022-01-29T06:12:36Z,https://github.com/cinit/QAuxiliary
cglib,cglib,4840,15,2014-03-29T13:48:30Z,https://github.com/cglib/cglib
bisq,bisq-network,4836,140,2014-03-12T09:42:29Z,https://github.com/bisq-network/bisq
reactive-streams-jvm,reactive-streams,4833,0,2014-02-28T13:16:15Z,https://github.com/reactive-streams/reactive-streams-jvm
querydsl,querydsl,4833,35,2011-08-05T06:46:32Z,https://github.com/querydsl/querydsl
java-faker,DiUS,4830,0,2011-06-06T01:01:21Z,https://github.com/DiUS/java-faker
WukongCRM-11.0-JAVA,WuKongOpenSource,4830,0,2021-04-06T10:58:55Z,https://github.com/WuKongOpenSource/WukongCRM-11.0-JAVA
packer-ng-plugin,mcxiaoke,4823,1,2015-11-24T04:08:08Z,https://github.com/mcxiaoke/packer-ng-plugin
Transitions-Everywhere,andkulikov,4815,23,2014-10-15T03:37:03Z,https://github.com/andkulikov/Transitions-Everywhere
lucida,claritylab,4806,0,2014-05-13T17:12:49Z,https://github.com/claritylab/lucida
openai-java,TheoKanning,4798,22,2020-09-15T02:58:52Z,https://github.com/TheoKanning/openai-java
killbill,killbill,4786,149,2012-10-21T20:55:05Z,https://github.com/killbill/killbill
orientdb,orientechnologies,4785,219,2012-12-09T20:33:47Z,https://github.com/orientechnologies/orientdb
jpexs-decompiler,jindrapetrik,4783,168,2014-05-10T17:20:56Z,https://github.com/jindrapetrik/jpexs-decompiler
Android-ConvenientBanner,saiwu-bigkoo,4770,0,2014-12-23T06:12:33Z,https://github.com/saiwu-bigkoo/Android-ConvenientBanner
aviatorscript,killme2008,4768,52,2011-03-29T12:48:47Z,https://github.com/killme2008/aviatorscript
rstudio,rstudio,4766,0,2010-12-07T19:10:25Z,https://github.com/rstudio/rstudio
calcite,apache,4764,0,2014-06-25T07:00:07Z,https://github.com/apache/calcite
spotless,diffplug,4763,20,2015-04-27T19:10:58Z,https://github.com/diffplug/spotless
react-native-webrtc,react-native-webrtc,4761,80,2015-09-27T10:57:30Z,https://github.com/react-native-webrtc/react-native-webrtc
AndroidStaggeredGrid,etsy,4749,7,2013-12-09T19:43:45Z,https://github.com/etsy/AndroidStaggeredGrid
Digital,hneemann,4747,35,2016-06-28T17:40:16Z,https://github.com/hneemann/Digital
Suwayomi-Server,Suwayomi,4745,56,2020-12-23T20:31:38Z,https://github.com/Suwayomi/Suwayomi-Server
cameraview,google,4743,0,2016-08-04T05:22:14Z,https://github.com/google/cameraview
small-spring,fuzhengwei,4741,0,2021-05-15T06:07:28Z,https://github.com/fuzhengwei/small-spring
reflections,ronmamo,4736,3,2013-04-16T16:19:26Z,https://github.com/ronmamo/reflections
android-tips-tricks,nisrulz,4735,0,2016-08-25T20:27:33Z,https://github.com/nisrulz/android-tips-tricks
SwitchButton,kyleduo,4731,0,2014-09-09T07:20:43Z,https://github.com/kyleduo/SwitchButton
mybatis,tuguangquan,4724,0,2014-11-03T04:51:06Z,https://github.com/tuguangquan/mybatis
baseAdapter,hongyangAndroid,4721,0,2015-08-03T02:55:51Z,https://github.com/hongyangAndroid/baseAdapter
spring-boot-best-practice,javastacks,4720,0,2018-11-09T06:23:18Z,https://github.com/javastacks/spring-boot-best-practice
Spring-Boot-In-Action,hansonwang99,4705,0,2019-01-28T12:56:51Z,https://github.com/hansonwang99/Spring-Boot-In-Action
chuck,jgilfelt,4700,5,2017-02-07T23:51:39Z,https://github.com/jgilfelt/chuck
spring-security-oauth,spring-attic,4694,0,2011-07-26T18:08:49Z,https://github.com/spring-attic/spring-security-oauth
mockserver,mock-server,4692,0,2013-02-26T06:09:52Z,https://github.com/mock-server/mockserver
ActiveAndroid,pardom-zz,4690,0,2012-11-15T18:10:45Z,https://github.com/pardom-zz/ActiveAndroid
FirebaseUI-Android,firebase,4667,66,2015-07-09T17:31:09Z,https://github.com/firebase/FirebaseUI-Android
MaterialDateTimePicker,wdullaer,4666,54,2015-01-03T19:41:03Z,https://github.com/wdullaer/MaterialDateTimePicker
cardslib,gabrielemariotti,4650,27,2013-09-20T21:57:19Z,https://github.com/gabrielemariotti/cardslib
automq,AutoMQ,4647,57,2023-08-17T07:50:13Z,https://github.com/AutoMQ/automq
PageIndicatorView,romandanylyk,4640,14,2016-08-20T19:25:32Z,https://github.com/romandanylyk/PageIndicatorView
microservices-platform,zlt2000,4637,30,2019-03-07T07:13:37Z,https://github.com/zlt2000/microservices-platform
blog_demos,zq2599,4636,0,2017-04-09T04:51:56Z,https://github.com/zq2599/blog_demos
esProc,SPLWare,4629,0,2021-11-09T15:41:25Z,https://github.com/SPLWare/esProc
spring-cloud-gateway,spring-cloud,4614,24,2016-11-16T21:42:51Z,https://github.com/spring-cloud/spring-cloud-gateway
libsvm,cjlin1,4612,0,2013-09-10T14:32:07Z,https://github.com/cjlin1/libsvm
JAViewer,SplashCodes,4611,10,2016-05-21T08:47:10Z,https://github.com/SplashCodes/JAViewer
SpringBoot-Shiro-Vue,Heeexy,4603,0,2017-11-17T18:49:06Z,https://github.com/Heeexy/SpringBoot-Shiro-Vue
ribbon,Netflix,4596,41,2013-01-15T01:08:04Z,https://github.com/Netflix/ribbon
rocketmq-externals,apache,4590,0,2017-03-14T07:00:06Z,https://github.com/apache/rocketmq-externals
JSON-java,stleary,4588,23,2010-12-21T17:46:09Z,https://github.com/stleary/JSON-java
poi-tl,Sayi,4583,14,2015-03-20T06:47:52Z,https://github.com/Sayi/poi-tl
crawler4j,yasserg,4581,3,2011-12-31T22:49:18Z,https://github.com/yasserg/crawler4j
SimplifyReader,chentao0707,4576,0,2015-08-17T08:22:53Z,https://github.com/chentao0707/SimplifyReader
ForestBlog,saysky,4569,0,2017-10-08T15:27:47Z,https://github.com/saysky/ForestBlog
quasar,puniverse,4568,18,2013-03-27T14:51:24Z,https://github.com/puniverse/quasar
micrometer,micrometer-metrics,4566,255,2017-04-10T21:36:51Z,https://github.com/micrometer-metrics/micrometer
db-tutorial,dunwu,4565,0,2017-08-08T06:33:38Z,https://github.com/dunwu/db-tutorial
JGrowing,javagrowing,4564,0,2019-02-26T01:55:08Z,https://github.com/javagrowing/JGrowing
javacpp,bytedeco,4562,12,2014-04-21T12:47:21Z,https://github.com/bytedeco/javacpp
Depth-LIB-Android-,danielzeller,4557,0,2016-04-27T09:37:28Z,https://github.com/danielzeller/Depth-LIB-Android-
sqlbrite,square,4556,9,2015-02-19T04:38:37Z,https://github.com/square/sqlbrite
Douya,zhanghai,4556,11,2016-02-01T13:44:19Z,https://github.com/zhanghai/Douya
go-lang-idea-plugin,go-lang-plugin-org,4555,21,2010-08-29T08:20:01Z,https://github.com/go-lang-plugin-org/go-lang-idea-plugin
maven,apache,4544,23,2009-05-21T03:22:03Z,https://github.com/apache/maven
android-crop,jdamcd,4541,6,2014-03-13T10:24:43Z,https://github.com/jdamcd/android-crop
--,981011512,4530,0,2020-06-18T22:47:21Z,https://github.com/981011512/--
concurrent,RedSpider1,4528,0,2018-11-03T13:49:36Z,https://github.com/RedSpider1/concurrent
dexposed,alibaba,4524,0,2015-06-30T02:59:16Z,https://github.com/alibaba/dexposed
Infinity-For-Reddit,Docile-Alligator,4523,173,2018-07-26T15:02:51Z,https://github.com/Docile-Alligator/Infinity-For-Reddit
bottomsheet,Flipboard,4521,10,2015-04-23T17:37:32Z,https://github.com/Flipboard/bottomsheet
GCViewer,chewiebug,4517,5,2011-10-23T09:01:04Z,https://github.com/chewiebug/GCViewer
simplify,CalebFenton,4517,9,2014-01-16T05:14:02Z,https://github.com/CalebFenton/simplify
SmoothProgressBar,castorflex,4513,9,2013-11-27T20:32:16Z,https://github.com/castorflex/SmoothProgressBar
android,nextcloud,4504,245,2016-06-06T21:23:36Z,https://github.com/nextcloud/android
AndroidHttpCapture,JZ-Darkal,4494,1,2016-10-15T19:48:00Z,https://github.com/JZ-Darkal/AndroidHttpCapture
allure2,allure-framework,4491,76,2016-05-27T14:06:05Z,https://github.com/allure-framework/allure2
bilibili-android-client,HotBitmapGG,4491,1,2016-06-01T04:36:01Z,https://github.com/HotBitmapGG/bilibili-android-client
azkaban,azkaban,4490,48,2012-10-18T01:34:53Z,https://github.com/azkaban/azkaban
java-algorithms-implementation,phishman3579,4487,0,2013-11-20T03:30:19Z,https://github.com/phishman3579/java-algorithms-implementation
NineOldAndroids,JakeWharton,4480,0,2011-12-08T19:46:37Z,https://github.com/JakeWharton/NineOldAndroids
objectbox-java,objectbox,4480,46,2017-01-24T10:29:48Z,https://github.com/objectbox/objectbox-java
opengrok,oracle,4475,286,2013-01-07T11:49:18Z,https://github.com/oracle/opengrok
AndroidTutorialForBeginners,hussien89aa,4471,0,2016-09-26T16:36:28Z,https://github.com/hussien89aa/AndroidTutorialForBeginners
epic,tiann,4462,5,2017-05-22T02:52:44Z,https://github.com/tiann/epic
android-mvp-architecture,janishar,4444,0,2017-01-27T08:39:06Z,https://github.com/janishar/android-mvp-architecture
JDA,discord-jda,4440,99,2015-12-12T13:57:32Z,https://github.com/discord-jda/JDA
Robust,Meituan-Dianping,4438,13,2017-03-14T10:14:50Z,https://github.com/Meituan-Dianping/Robust
android-times-square,square,4438,0,2013-01-30T20:28:27Z,https://github.com/square/android-times-square
GT,Tencent,4407,3,2016-01-13T10:29:55Z,https://github.com/Tencent/GT
DeepLinkDispatch,airbnb,4396,24,2015-06-11T21:16:48Z,https://github.com/airbnb/DeepLinkDispatch
moco,dreamhead,4392,1,2012-10-18T09:09:51Z,https://github.com/dreamhead/moco
Ant-Media-Server,ant-media,4391,62,2017-03-01T08:21:13Z,https://github.com/ant-media/Ant-Media-Server
djl,deepjavalibrary,4387,33,2019-10-29T22:38:54Z,https://github.com/deepjavalibrary/djl
ticker,robinhood,4386,9,2016-07-15T21:37:52Z,https://github.com/robinhood/ticker
WePush,rememberber,4383,58,2017-06-23T09:03:36Z,https://github.com/rememberber/WePush
ipscan,angryip,4367,30,2011-06-28T20:58:48Z,https://github.com/angryip/ipscan
BottomNavigation,Ashok-Varma,4367,16,2016-03-19T19:19:30Z,https://github.com/Ashok-Varma/BottomNavigation
GDA-android-reversing-Tool,charles2gan,4365,40,2017-10-31T08:18:29Z,https://github.com/charles2gan/GDA-android-reversing-Tool
shiro,apache,4360,11,2009-08-29T08:00:17Z,https://github.com/apache/shiro
leet-code,awangdev,4357,0,2015-04-25T19:14:09Z,https://github.com/awangdev/leet-code
flink-recommandSystem-demo,water8394,4356,0,2019-05-15T07:55:35Z,https://github.com/water8394/flink-recommandSystem-demo
Gadgetbridge,Freeyourgadget,4315,0,2015-01-05T23:19:03Z,https://github.com/Freeyourgadget/Gadgetbridge
h2database,h2database,4311,23,2015-04-10T19:09:09Z,https://github.com/h2database/h2database
BGARefreshLayout-Android,bingoogolapple,4310,4,2015-05-28T16:17:00Z,https://github.com/bingoogolapple/BGARefreshLayout-Android
ImagePicker,jeasonlzy,4302,5,2016-01-27T17:05:03Z,https://github.com/jeasonlzy/ImagePicker
serve,pytorch,4301,24,2019-10-03T03:17:43Z,https://github.com/pytorch/serve
jacoco,jacoco,4299,48,2012-07-08T21:45:13Z,https://github.com/jacoco/jacoco
android-volley,mcxiaoke,4290,0,2013-05-21T05:35:26Z,https://github.com/mcxiaoke/android-volley
frontend-maven-plugin,eirslett,4285,0,2013-08-30T14:44:38Z,https://github.com/eirslett/frontend-maven-plugin
spring-ai,spring-projects,4281,0,2023-06-27T18:57:29Z,https://github.com/spring-projects/spring-ai
coursera-android,aporter,4277,0,2014-01-05T09:55:31Z,https://github.com/aporter/coursera-android
android-autofittextview,grantland,4269,1,2011-02-14T06:00:52Z,https://github.com/grantland/android-autofittextview
IoT-Technical-Guide,IoT-Technology,4269,0,2019-04-02T01:52:44Z,https://github.com/IoT-Technology/IoT-Technical-Guide
CircleIndicator,ongakuer,4268,7,2014-07-30T14:02:56Z,https://github.com/ongakuer/CircleIndicator
java-learning,brianway,4266,0,2016-02-09T05:20:58Z,https://github.com/brianway/java-learning
dynamic-tp,dromara,4263,17,2022-01-07T16:35:27Z,https://github.com/dromara/dynamic-tp
InternetArchitect,bjmashibing,4256,0,2019-10-19T16:32:01Z,https://github.com/bjmashibing/InternetArchitect
dragonwell8,dragonwell-project,4254,38,2019-03-07T02:57:45Z,https://github.com/dragonwell-project/dragonwell8
OpenHub,ThirtyDegreesRay,4251,31,2017-07-11T13:29:51Z,https://github.com/ThirtyDegreesRay/OpenHub
aurora,linhaojun857,4247,0,2022-08-19T13:39:16Z,https://github.com/linhaojun857/aurora
flutter-webrtc,flutter-webrtc,4242,122,2018-03-07T02:26:03Z,https://github.com/flutter-webrtc/flutter-webrtc
fastexcel,fast-excel,4236,3,2024-10-05T11:42:50Z,https://github.com/fast-excel/fastexcel
failsafe,failsafe-lib,4236,0,2015-06-30T00:56:39Z,https://github.com/failsafe-lib/failsafe
MallChat,zongzibinbin,4234,0,2023-03-16T15:04:35Z,https://github.com/zongzibinbin/MallChat
ShineButton,ChadCSong,4220,2,2016-07-05T06:32:26Z,https://github.com/ChadCSong/ShineButton
tx-lcn,codingapi,4207,14,2017-11-11T03:34:34Z,https://github.com/codingapi/tx-lcn
crate,crate,4198,129,2013-04-10T09:17:16Z,https://github.com/crate/crate
CoordinatorTabLayout,hugeterry,4193,0,2017-01-27T13:40:28Z,https://github.com/hugeterry/CoordinatorTabLayout
jitsi,jitsi,4191,7,2013-04-24T17:37:20Z,https://github.com/jitsi/jitsi
FloatWindow,yhaolpz,4191,9,2017-11-14T14:33:55Z,https://github.com/yhaolpz/FloatWindow
camunda-bpm-platform,camunda,4190,0,2013-01-03T10:10:31Z,https://github.com/camunda/camunda-bpm-platform
unidbg,zhkl0228,4190,15,2019-02-26T09:32:15Z,https://github.com/zhkl0228/unidbg
JKeyboardPanelSwitch,Jacksgong,4187,14,2015-07-01T17:42:01Z,https://github.com/Jacksgong/JKeyboardPanelSwitch
spring-boot-starter,mybatis,4186,31,2015-09-25T13:05:15Z,https://github.com/mybatis/spring-boot-starter
powermock,powermock,4180,16,2014-05-28T07:53:53Z,https://github.com/powermock/powermock
campus-imaotai,oddfar,4177,11,2023-07-07T10:37:13Z,https://github.com/oddfar/campus-imaotai
BGABanner-Android,bingoogolapple,4173,0,2014-10-25T17:15:18Z,https://github.com/bingoogolapple/BGABanner-Android
open-location-code,google,4170,5,2014-09-30T18:26:35Z,https://github.com/google/open-location-code
javassist,jboss-javassist,4169,24,2013-05-24T08:31:32Z,https://github.com/jboss-javassist/javassist
zotfile,jlegewie,4148,33,2011-12-30T14:47:42Z,https://github.com/jlegewie/zotfile
aws-sdk-java,aws,4147,0,2010-03-22T23:34:58Z,https://github.com/aws/aws-sdk-java
AndroidWiFiADB,pedrovgs,4146,8,2015-10-18T21:58:45Z,https://github.com/pedrovgs/AndroidWiFiADB
markor,gsantner,4143,76,2017-08-26T00:08:35Z,https://github.com/gsantner/markor
malmo,microsoft,4136,21,2016-05-17T14:58:40Z,https://github.com/microsoft/malmo
hmily,dromara,4123,0,2017-09-28T06:29:01Z,https://github.com/dromara/hmily
guide-rpc-framework,Snailclimb,4121,0,2020-05-10T13:24:42Z,https://github.com/Snailclimb/guide-rpc-framework
Tangram-Android,alibaba,4114,38,2017-03-29T13:29:57Z,https://github.com/alibaba/Tangram-Android
LoadingDrawable,dinuscxj,4111,0,2016-04-16T07:33:57Z,https://github.com/dinuscxj/LoadingDrawable
maxwell,zendesk,4098,213,2015-02-09T22:06:13Z,https://github.com/zendesk/maxwell
ExpandableTextView,Manabu-GT,4089,4,2014-05-17T19:40:15Z,https://github.com/Manabu-GT/ExpandableTextView
tiny-spring,code4craft,4071,0,2014-01-10T16:37:57Z,https://github.com/code4craft/tiny-spring
java-developer-roadmap,s4kibs4mi,4071,0,2019-04-23T06:42:13Z,https://github.com/s4kibs4mi/java-developer-roadmap
dolby_beta,nining377,4070,37,2020-05-19T12:13:36Z,https://github.com/nining377/dolby_beta
LSPosed_mod,mywalkb,4069,10,2022-03-28T08:05:38Z,https://github.com/mywalkb/LSPosed_mod
oblivion,bepass-org,4069,12,2024-02-08T05:50:09Z,https://github.com/bepass-org/oblivion
ViewPagerCards,rubensousa,4067,0,2016-08-20T15:24:12Z,https://github.com/rubensousa/ViewPagerCards
jodd,oblac,4061,37,2012-09-07T20:26:48Z,https://github.com/oblac/jodd
bistoury,qunarcorp,4059,8,2019-08-01T07:54:25Z,https://github.com/qunarcorp/bistoury
CC,luckybilly,4050,0,2017-11-23T16:26:33Z,https://github.com/luckybilly/CC
SmartCropper,pqpo,4046,13,2017-08-03T11:08:41Z,https://github.com/pqpo/SmartCropper
chunjun,DTStack,4037,30,2018-04-03T12:44:58Z,https://github.com/DTStack/chunjun
greys-anatomy,oldmanpushcart,4028,0,2012-11-21T19:39:35Z,https://github.com/oldmanpushcart/greys-anatomy
streampark,apache,4020,28,2019-05-27T05:56:03Z,https://github.com/apache/streampark
XCL-Charts,xcltapestry,4018,0,2014-06-09T15:44:50Z,https://github.com/xcltapestry/XCL-Charts
Telegram-X,TGX-Android,4015,4,2021-08-17T17:09:25Z,https://github.com/TGX-Android/Telegram-X
dubbo-admin,apache,4014,6,2018-01-11T05:30:17Z,https://github.com/apache/dubbo-admin
Bolts-Android,BoltsFramework,4012,11,2014-01-30T04:58:14Z,https://github.com/BoltsFramework/Bolts-Android
FloatingActionButton,makovkastar,4004,0,2014-07-22T13:29:55Z,https://github.com/makovkastar/FloatingActionButton
Phoenix,Yalantis,4003,1,2015-01-12T14:11:20Z,https://github.com/Yalantis/Phoenix
TwinklingRefreshLayout,lcodecorex,4002,0,2016-03-02T12:11:56Z,https://github.com/lcodecorex/TwinklingRefreshLayout
BigImageViewer,Piasy,3987,0,2016-11-06T09:55:02Z,https://github.com/Piasy/BigImageViewer
hawk,orhanobut,3985,22,2015-02-19T22:25:23Z,https://github.com/orhanobut/hawk
geoserver,geoserver,3983,55,2011-11-10T19:56:06Z,https://github.com/geoserver/geoserver
fastjson2,alibaba,3980,56,2022-04-17T04:27:24Z,https://github.com/alibaba/fastjson2
BadgeView,qstumn,3979,5,2017-02-08T02:01:39Z,https://github.com/qstumn/BadgeView
Aliucord,Aliucord,3957,14,2021-02-27T16:59:06Z,https://github.com/Aliucord/Aliucord
GuideView,binIoter,3956,0,2016-06-19T08:52:25Z,https://github.com/binIoter/GuideView
tech-weekly,mercyblitz,3956,0,2018-12-03T03:10:52Z,https://github.com/mercyblitz/tech-weekly
effective-java-3e-source-code,jbloch,3952,0,2018-08-03T20:48:35Z,https://github.com/jbloch/effective-java-3e-source-code
novel-plus,201206030,3950,26,2020-05-02T07:15:43Z,https://github.com/201206030/novel-plus
interviewGuide,NotFound9,3945,0,2016-04-20T07:17:09Z,https://github.com/NotFound9/interviewGuide
RichText,zzhoujay,3941,0,2015-07-21T09:36:01Z,https://github.com/zzhoujay/RichText
android-iconify,JoanZapata,3937,0,2013-06-12T11:42:01Z,https://github.com/JoanZapata/android-iconify
RxJavaSamples,rengwuxian,3937,3,2016-03-24T13:08:10Z,https://github.com/rengwuxian/RxJavaSamples
XChange,knowm,3936,0,2012-02-02T10:48:28Z,https://github.com/knowm/XChange
LiveEventBus,JeremyLiao,3929,0,2018-07-11T07:36:59Z,https://github.com/JeremyLiao/LiveEventBus
XposedInstaller,rovo89,3928,0,2012-04-02T20:33:05Z,https://github.com/rovo89/XposedInstaller
jmonkeyengine,jMonkeyEngine,3926,69,2014-03-20T22:29:28Z,https://github.com/jMonkeyEngine/jmonkeyengine
DataMiningAlgorithm,linyiqun,3906,0,2015-01-11T02:50:28Z,https://github.com/linyiqun/DataMiningAlgorithm
Conductor,bluelinelabs,3902,36,2016-03-16T18:42:41Z,https://github.com/bluelinelabs/Conductor
jetty.project,jetty,3900,113,2011-07-14T01:11:57Z,https://github.com/jetty/jetty.project
jstorm,alibaba,3900,22,2013-09-03T03:53:16Z,https://github.com/alibaba/jstorm
learning-spark,databricks,3890,0,2014-06-16T04:47:54Z,https://github.com/databricks/learning-spark
Leetcode,fishercoder1534,3885,0,2016-07-31T05:28:15Z,https://github.com/fishercoder1534/Leetcode
awaitility,awaitility,3884,0,2010-01-22T15:12:52Z,https://github.com/awaitility/awaitility
grobid,kermitt2,3881,21,2012-09-13T15:48:54Z,https://github.com/kermitt2/grobid
BackgroundLibrary,JavaNoober,3874,13,2018-09-09T08:52:45Z,https://github.com/JavaNoober/BackgroundLibrary
xboot,Exrick,3863,6,2018-04-23T14:44:18Z,https://github.com/Exrick/xboot
sofa-rpc,sofastack,3863,61,2018-04-09T03:32:04Z,https://github.com/sofastack/sofa-rpc
screw,pingfangushi,3862,0,2020-06-21T11:37:06Z,https://github.com/pingfangushi/screw
Launcher3,amirzaidi,3862,22,2017-05-30T12:53:32Z,https://github.com/amirzaidi/Launcher3
bitcoin-wallet,bitcoin-wallet,3861,0,2012-03-31T17:06:47Z,https://github.com/bitcoin-wallet/bitcoin-wallet
TinyPinyin,promeG,3858,2,2015-09-30T03:24:50Z,https://github.com/promeG/TinyPinyin
Timeline-View,vipulasri,3854,15,2015-12-15T14:55:04Z,https://github.com/vipulasri/Timeline-View
IDDD_Samples,VaughnVernon,3842,0,2013-04-08T22:12:57Z,https://github.com/VaughnVernon/IDDD_Samples
java-tron,tronprotocol,3837,79,2017-12-26T10:20:38Z,https://github.com/tronprotocol/java-tron
ahbottomnavigation,aurelhubert,3835,14,2016-03-17T12:17:56Z,https://github.com/aurelhubert/ahbottomnavigation
MaterialSearchView,MiguelCatalan,3830,6,2015-09-14T17:13:46Z,https://github.com/MiguelCatalan/MaterialSearchView
DSBridge-Android,wendux,3825,2,2017-01-02T11:58:53Z,https://github.com/wendux/DSBridge-Android
ripme,RipMeApp,3822,132,2017-01-06T17:12:09Z,https://github.com/RipMeApp/ripme
CircleProgress,uknownothingsnow,3818,0,2014-10-30T16:14:42Z,https://github.com/uknownothingsnow/CircleProgress
leetcode-editor,shuzijun,3816,55,2019-03-19T16:32:17Z,https://github.com/shuzijun/leetcode-editor
jabref,JabRef,3804,44,2014-03-11T14:48:42Z,https://github.com/JabRef/jabref
ShedLock,lukas-krecan,3801,0,2016-12-11T13:53:59Z,https://github.com/lukas-krecan/ShedLock
PeerBanHelper,PBH-BTN,3797,114,2024-02-07T14:35:16Z,https://github.com/PBH-BTN/PeerBanHelper
syncthing-android,syncthing,3793,332,2014-02-22T17:15:19Z,https://github.com/syncthing/syncthing-android
MarqueeView,sunfusheng,3782,0,2016-06-01T06:50:46Z,https://github.com/sunfusheng/MarqueeView
OpenPDF,LibrePDF,3778,73,2016-07-11T15:50:34Z,https://github.com/LibrePDF/OpenPDF
SuperTextView,lygttpod,3773,39,2016-10-19T04:06:54Z,https://github.com/lygttpod/SuperTextView
AndServer,yanzhenjie,3771,1,2016-06-14T00:52:52Z,https://github.com/yanzhenjie/AndServer
mpush,mpusher,3768,9,2016-04-28T01:43:19Z,https://github.com/mpusher/mpush
roboguice,roboguice,3758,0,2012-08-12T20:37:19Z,https://github.com/roboguice/roboguice
My-Blog,ZHENFENG13,3755,0,2019-03-04T09:17:00Z,https://github.com/ZHENFENG13/My-Blog
andOTP,andOTP,3755,38,2017-07-05T11:39:52Z,https://github.com/andOTP/andOTP
lilishop,lilishop,3752,3,2021-05-14T01:28:51Z,https://github.com/lilishop/lilishop
CustomActivityOnCrash,Ereza,3749,12,2014-07-04T19:46:21Z,https://github.com/Ereza/CustomActivityOnCrash
react-native-share,react-native-share,3747,133,2015-09-30T02:27:34Z,https://github.com/react-native-share/react-native-share
SwipeDelMenuLayout,mcxtzhang,3744,2,2016-08-25T08:10:45Z,https://github.com/mcxtzhang/SwipeDelMenuLayout
blurkit-android,CameraKit,3744,3,2016-11-06T03:14:58Z,https://github.com/CameraKit/blurkit-android
sticky-headers-recyclerview,timehop,3743,0,2014-10-03T01:57:46Z,https://github.com/timehop/sticky-headers-recyclerview
mlkit,googlesamples,3734,1,2020-05-28T21:40:38Z,https://github.com/googlesamples/mlkit
spruce-android,willowtreeapps,3720,3,2017-02-23T20:34:18Z,https://github.com/willowtreeapps/spruce-android
NullAway,uber,3712,25,2017-09-01T17:35:57Z,https://github.com/uber/NullAway
Terasology,MovingBlocks,3712,70,2011-03-04T03:49:19Z,https://github.com/MovingBlocks/Terasology
java,kubernetes-client,3711,53,2017-05-08T21:52:58Z,https://github.com/kubernetes-client/java
NoHttp,yanzhenjie,3707,0,2015-07-29T06:11:12Z,https://github.com/yanzhenjie/NoHttp
atmosphere,Atmosphere,3707,0,2010-06-30T14:26:23Z,https://github.com/Atmosphere/atmosphere
ChatKit,stfalcon-studio,3706,1,2017-02-02T09:37:15Z,https://github.com/stfalcon-studio/ChatKit
StylishMusicPlayer,ryanhoo,3704,0,2016-09-13T14:38:32Z,https://github.com/ryanhoo/StylishMusicPlayer
Skeleton,ethanhua,3697,0,2017-07-30T06:42:39Z,https://github.com/ethanhua/Skeleton
ByteLegend,ByteLegend,3694,0,2021-02-01T10:11:30Z,https://github.com/ByteLegend/ByteLegend
Play-with-Algorithms,liuyubobobo,3685,0,2016-07-05T18:16:22Z,https://github.com/liuyubobobo/Play-with-Algorithms
ASimpleCache,yangfuhai,3684,0,2013-07-28T13:50:59Z,https://github.com/yangfuhai/ASimpleCache
BannerViewPager,zhpanvip,3684,57,2017-03-28T09:11:11Z,https://github.com/zhpanvip/BannerViewPager
kylin,apache,3683,1,2015-01-03T08:00:05Z,https://github.com/apache/kylin
pdfsam,torakiki,3677,64,2013-09-24T11:06:13Z,https://github.com/torakiki/pdfsam
rejoiner,google,3667,3,2017-12-06T19:09:53Z,https://github.com/google/rejoiner
shopizer,shopizer-ecommerce,3666,18,2012-11-21T03:42:39Z,https://github.com/shopizer-ecommerce/shopizer
sofa-jraft,sofastack,3666,31,2019-03-04T10:13:43Z,https://github.com/sofastack/sofa-jraft
bundletool,google,3665,63,2018-05-04T07:24:09Z,https://github.com/google/bundletool
groupie,lisawray,3665,28,2016-09-01T20:59:35Z,https://github.com/lisawray/groupie
pixel-dungeon,watabou,3663,0,2014-07-26T17:34:32Z,https://github.com/watabou/pixel-dungeon
databus,linkedin,3659,0,2012-12-17T17:49:17Z,https://github.com/linkedin/databus
Linkage-RecyclerView,KunMinX,3653,0,2019-04-22T04:39:46Z,https://github.com/KunMinX/Linkage-RecyclerView
android-common,litesuits,3647,0,2014-05-29T08:08:00Z,https://github.com/litesuits/android-common
FlatLaf,JFormDesigner,3640,85,2019-08-19T10:27:05Z,https://github.com/JFormDesigner/FlatLaf
light-4j,networknt,3637,189,2016-09-09T22:28:14Z,https://github.com/networknt/light-4j
RoaringBitmap,RoaringBitmap,3635,34,2013-06-17T20:29:23Z,https://github.com/RoaringBitmap/RoaringBitmap
JCTools,JCTools,3631,18,2013-11-10T18:04:40Z,https://github.com/JCTools/JCTools
chatgpt-java,PlexPt,3631,24,2022-12-07T04:55:33Z,https://github.com/PlexPt/chatgpt-java
undertow,undertow-io,3629,9,2012-07-19T00:52:44Z,https://github.com/undertow-io/undertow
incubator-heron,apache,3628,56,2015-09-25T16:09:24Z,https://github.com/apache/incubator-heron
Android-BluetoothKit,dingjikerbo,3626,0,2015-10-08T09:07:33Z,https://github.com/dingjikerbo/Android-BluetoothKit
BlurView,Dimezis,3625,29,2016-04-21T16:00:07Z,https://github.com/Dimezis/BlurView
tablesaw,jtablesaw,3610,79,2016-01-01T14:58:28Z,https://github.com/jtablesaw/tablesaw
emojicon,rockerhieu,3610,2,2014-01-18T12:32:38Z,https://github.com/rockerhieu/emojicon
helidon,helidon-io,3603,119,2018-08-27T11:03:52Z,https://github.com/helidon-io/helidon
spotbugs,spotbugs,3601,68,2016-11-04T22:18:08Z,https://github.com/spotbugs/spotbugs
fernflower,fesh0r,3596,0,2014-10-03T05:00:15Z,https://github.com/fesh0r/fernflower
ExplosionField,tyrantgit,3596,0,2015-09-23T11:34:50Z,https://github.com/tyrantgit/ExplosionField
Alink,alibaba,3595,22,2018-09-30T06:36:11Z,https://github.com/alibaba/Alink
grpc-spring,grpc-ecosystem,3593,34,2016-12-30T09:06:15Z,https://github.com/grpc-ecosystem/grpc-spring
cyberduck,iterate-ch,3592,0,2017-01-20T14:16:34Z,https://github.com/iterate-ch/cyberduck
DropDownMenu,dongjunkun,3590,2,2015-06-23T07:43:56Z,https://github.com/dongjunkun/DropDownMenu
NewbieGuide,huburt-Hu,3588,20,2017-07-28T06:54:05Z,https://github.com/huburt-Hu/NewbieGuide
android-stackblur,kikoso,3582,0,2013-08-15T14:44:32Z,https://github.com/kikoso/android-stackblur
JavaSourceCodeLearning,coderbruis,3579,0,2020-06-02T13:34:20Z,https://github.com/coderbruis/JavaSourceCodeLearning
data-transfer-project,dtinit,3577,61,2018-01-04T21:27:57Z,https://github.com/dtinit/data-transfer-project
spock,spockframework,3574,25,2010-12-12T19:02:34Z,https://github.com/spockframework/spock
android-maps-utils,googlemaps,3568,47,2013-05-17T00:08:48Z,https://github.com/googlemaps/android-maps-utils
ShadowLayout,lihangleo2,3567,28,2019-07-09T07:17:06Z,https://github.com/lihangleo2/ShadowLayout
FlexibleAdapter,davideas,3566,30,2015-05-02T22:00:43Z,https://github.com/davideas/FlexibleAdapter
ThreeTenABP,JakeWharton,3563,0,2015-07-03T17:35:09Z,https://github.com/JakeWharton/ThreeTenABP
jackson-databind,FasterXML,3563,0,2011-12-23T07:17:41Z,https://github.com/FasterXML/jackson-databind
vertx-examples,vert-x3,3560,0,2015-02-24T17:42:44Z,https://github.com/vert-x3/vertx-examples
AppUpdate,WVector,3559,3,2017-06-19T09:38:42Z,https://github.com/WVector/AppUpdate
netty-learning,code4craft,3553,0,2013-09-19T02:24:25Z,https://github.com/code4craft/netty-learning
hackpad,dropbox,3551,0,2015-08-14T02:32:17Z,https://github.com/dropbox/hackpad
parceler,johncarl81,3548,0,2013-07-03T02:53:01Z,https://github.com/johncarl81/parceler
MagicaSakura,bilibili,3548,3,2016-06-23T07:54:59Z,https://github.com/bilibili/MagicaSakura
Android,hmkcode,3545,0,2013-09-02T16:12:28Z,https://github.com/hmkcode/Android
floatingsearchview,arimorty,3540,0,2015-11-22T02:38:32Z,https://github.com/arimorty/floatingsearchview
retrolambda,luontola,3539,0,2013-07-20T07:25:22Z,https://github.com/luontola/retrolambda
AndroRAT,karma9874,3538,0,2020-03-22T09:31:28Z,https://github.com/karma9874/AndroRAT
learning-note,rbmonster,3534,0,2020-06-15T16:47:25Z,https://github.com/rbmonster/learning-note
mcaselector,Querz,3530,68,2018-04-22T22:23:26Z,https://github.com/Querz/mcaselector
camunda,camunda,3527,364,2016-03-20T03:38:04Z,https://github.com/camunda/camunda
ftgo-application,microservices-patterns,3524,0,2017-10-23T04:30:04Z,https://github.com/microservices-patterns/ftgo-application
initializr,spring-io,3523,16,2013-06-07T16:02:22Z,https://github.com/spring-io/initializr
Store,nytimes,3522,0,2016-11-29T20:17:11Z,https://github.com/nytimes/Store
RecyclerViewPager,lsjwzh,3520,10,2015-01-17T18:30:34Z,https://github.com/lsjwzh/RecyclerViewPager
Music-Player,andremion,3516,2,2016-05-06T21:55:37Z,https://github.com/andremion/Music-Player
brigadier,Mojang,3513,3,2014-09-15T08:48:24Z,https://github.com/Mojang/brigadier
yacy_search_server,yacy,3511,0,2015-03-22T12:54:20Z,https://github.com/yacy/yacy_search_server
SwipeMenuListView,baoyongzhang,3506,2,2014-08-24T15:40:45Z,https://github.com/baoyongzhang/SwipeMenuListView
akhq,tchiotludo,3504,41,2018-09-09T19:35:39Z,https://github.com/tchiotludo/akhq
libstreaming,fyhertz,3501,0,2013-01-30T21:24:47Z,https://github.com/fyhertz/libstreaming
GeekNews,codeestX,3501,0,2016-08-07T14:56:56Z,https://github.com/codeestX/GeekNews
FairEmail,M66B,3500,1000,2018-08-02T13:30:25Z,https://github.com/M66B/FairEmail
jshERP,jishenghua,3496,6,2016-09-20T04:51:39Z,https://github.com/jishenghua/jshERP
LoadSir,KingJA,3491,6,2017-09-02T08:32:15Z,https://github.com/KingJA/LoadSir
android-hidden-api,anggrayudi,3491,2,2015-09-16T11:58:33Z,https://github.com/anggrayudi/android-hidden-api
spring-cloud-kubernetes,spring-cloud,3485,25,2016-12-13T21:36:25Z,https://github.com/spring-cloud/spring-cloud-kubernetes
kubernetes-client,fabric8io,3483,119,2015-07-09T15:43:13Z,https://github.com/fabric8io/kubernetes-client
RxAndroidBle,dariuszseweryn,3482,59,2016-02-04T13:42:02Z,https://github.com/dariuszseweryn/RxAndroidBle
JavaEETest,lenve,3481,0,2016-12-13T02:13:58Z,https://github.com/lenve/JavaEETest
BottomNavigationViewEx,ittianyu,3475,19,2016-11-12T08:39:38Z,https://github.com/ittianyu/BottomNavigationViewEx
SurveyKing,javahuang,3472,3,2021-09-06T13:34:14Z,https://github.com/javahuang/SurveyKing
marshalsec,mbechler,3470,0,2017-05-22T11:43:57Z,https://github.com/mbechler/marshalsec
immutables,immutables,3470,11,2013-07-07T13:48:23Z,https://github.com/immutables/immutables
PreviewSeekBar,rubensousa,3468,10,2017-01-24T23:52:44Z,https://github.com/rubensousa/PreviewSeekBar
HaE,gh0stkey,3464,72,2020-03-24T10:12:50Z,https://github.com/gh0stkey/HaE
QNotified,ferredoxin,3444,28,2019-03-24T05:12:41Z,https://github.com/ferredoxin/QNotified
SSM,crossoverJie,3443,10,2016-06-21T10:09:02Z,https://github.com/crossoverJie/SSM
logging-log4j2,apache,3440,13,2013-06-12T07:00:19Z,https://github.com/apache/logging-log4j2
migration,phodal,3439,0,2020-01-08T02:11:38Z,https://github.com/phodal/migration
Android-Week-View,alamkanak,3435,4,2014-09-17T10:07:12Z,https://github.com/alamkanak/Android-Week-View
Iris,IrisShaders,3435,140,2020-10-22T20:21:12Z,https://github.com/IrisShaders/Iris
SeeWeather,xcc3641,3434,2,2016-02-20T13:10:14Z,https://github.com/xcc3641/SeeWeather
giffun,guolindev,3433,0,2019-01-28T05:11:00Z,https://github.com/guolindev/giffun
AlgoDS,sherxon,3432,0,2016-12-16T17:01:22Z,https://github.com/sherxon/AlgoDS
MyPerf4J,LinShunKang,3428,23,2018-03-11T09:58:44Z,https://github.com/LinShunKang/MyPerf4J
Chronicle-Queue,OpenHFT,3422,520,2013-06-02T15:11:33Z,https://github.com/OpenHFT/Chronicle-Queue
android,cSploit,3421,33,2014-10-04T05:53:29Z,https://github.com/cSploit/android
maestro,Netflix,3419,0,2024-04-17T01:15:56Z,https://github.com/Netflix/maestro
openhab1-addons,openhab,3418,14,2013-09-20T20:28:43Z,https://github.com/openhab/openhab1-addons
signal-cli,AsamK,3409,97,2015-05-11T10:49:42Z,https://github.com/AsamK/signal-cli
LQRWeChat,GitLqr,3409,0,2017-02-07T06:32:40Z,https://github.com/GitLqr/LQRWeChat
chatgpt-java,Grt1228,3405,10,2023-02-11T08:54:54Z,https://github.com/Grt1228/chatgpt-java
BubbleSeekBar,woxingxiao,3401,12,2016-11-03T14:31:05Z,https://github.com/woxingxiao/BubbleSeekBar
AxonFramework,AxonFramework,3399,128,2011-12-02T16:04:42Z,https://github.com/AxonFramework/AxonFramework
android-priority-jobqueue,yigit,3394,0,2014-06-20T00:12:45Z,https://github.com/yigit/android-priority-jobqueue
volley,google,3388,9,2017-01-24T17:39:33Z,https://github.com/google/volley
springdoc-openapi,springdoc,3387,87,2019-07-11T23:08:20Z,https://github.com/springdoc/springdoc-openapi
red5-server,Red5,3384,103,2013-11-19T05:04:10Z,https://github.com/Red5/red5-server
blossom,blossom-editor,3381,17,2023-08-07T03:02:17Z,https://github.com/blossom-editor/blossom
openj9,eclipse-openj9,3379,50,2017-08-25T13:46:07Z,https://github.com/eclipse-openj9/openj9
http-request,kevinsawicki,3375,0,2011-10-21T19:54:58Z,https://github.com/kevinsawicki/http-request
android-butterknife-zelezny,avast,3373,8,2013-12-23T14:24:08Z,https://github.com/avast/android-butterknife-zelezny
AutoDispose,uber,3371,4,2016-12-22T18:46:11Z,https://github.com/uber/AutoDispose
MyBatis-Spring-Boot,abel533,3369,0,2015-12-19T09:57:22Z,https://github.com/abel533/MyBatis-Spring-Boot
incubator-kie-optaplanner,apache,3362,5,2011-02-15T19:38:23Z,https://github.com/apache/incubator-kie-optaplanner
Java,HelloWorld521,3358,0,2016-12-08T14:01:46Z,https://github.com/HelloWorld521/Java
dinky,DataLinkDC,3355,29,2021-06-09T07:11:26Z,https://github.com/DataLinkDC/dinky
my-site,WinterChenS,3354,0,2018-05-03T09:05:37Z,https://github.com/WinterChenS/my-site
ArchUnit,TNG,3350,41,2017-04-21T08:39:20Z,https://github.com/TNG/ArchUnit
linkis,apache,3349,32,2019-07-23T06:41:51Z,https://github.com/apache/linkis
sndcpy,rom1v,3348,2,2020-06-09T19:36:57Z,https://github.com/rom1v/sndcpy
ffmpeg-android-java,cropsly,3338,8,2014-09-11T10:12:09Z,https://github.com/cropsly/ffmpeg-android-java
DDComponentForAndroid,luojilab,3332,4,2017-09-07T05:48:44Z,https://github.com/luojilab/DDComponentForAndroid
jvm-tools,aragozin,3326,0,2012-04-28T09:28:32Z,https://github.com/aragozin/jvm-tools
Toaster,getActivity,3326,33,2018-09-16T05:28:57Z,https://github.com/getActivity/Toaster
ScalingLayout,iammert,3321,4,2017-10-01T12:28:34Z,https://github.com/iammert/ScalingLayout
archi,ivacf,3320,0,2015-09-11T16:13:34Z,https://github.com/ivacf/archi
uncle-novel,uncle-novel,3318,1,2018-12-11T12:15:30Z,https://github.com/uncle-novel/uncle-novel
concurrency-limits,Netflix,3312,102,2017-12-11T19:32:41Z,https://github.com/Netflix/concurrency-limits
SuperTextView,chenBingX,3308,33,2017-04-17T11:32:41Z,https://github.com/chenBingX/SuperTextView
PRDownloader,amitshekhariitbhu,3306,8,2017-11-11T19:29:38Z,https://github.com/amitshekhariitbhu/PRDownloader
99-problems,shekhargulati,3301,0,2015-11-22T05:56:33Z,https://github.com/shekhargulati/99-problems
igniter,trojan-gfw,3301,33,2018-11-08T22:19:03Z,https://github.com/trojan-gfw/igniter
